Date,Hips,Neck,Waist,Weight
2010-09-14,,,,150.0
2010-09-16,,,,149.7
2011-02-18,,,,152.2
2011-02-21,,,,146.2
2011-02-25,,,,143.1
2011-02-28,,,,147.3
2011-03-14,,,,145.2
2011-03-19,,,,143.3
2011-04-09,,,,143.6
2011-04-28,,,,143.3
2011-05-16,,,,152.7
2011-05-20,,,,151.8
2011-05-26,,,,153.6
2011-08-31,,,,156.2
2011-09-01,,,,155.5
2011-09-02,,,,153.6
2011-09-06,,,,154.9
2011-09-09,,,,154.4
2011-09-15,,,,154.9
2011-09-16,,,,153.6
2011-09-17,,,,154.8
2011-09-19,,,,156.8
2011-09-22,,,,156.5
2011-09-23,,,,156.5
2011-09-26,,,,156.5
2011-10-01,,,,154.8
2011-10-06,,,,155.4
2011-10-07,,,,154.4
2011-10-09,,,,155.0
2011-10-15,,,,154.8
2011-10-22,,,,154.9
2011-10-24,,,,158.8
2011-10-30,,,,154.0
2011-11-02,,,,157.5
2011-11-12,,,,158.5
2011-11-14,,,,160.7
2011-11-15,,,,156.6
2011-11-19,,,,159.1
2011-11-21,,,,159.5
2011-11-28,,,,159.6
2011-11-30,,,,157.7
2011-12-09,,,,159.1
2011-12-15,,,,159.2
2011-12-23,,,,161.8
2012-01-02,,,,163.0
2012-01-07,,,,163.8
2012-01-08,,,,161.0
2012-01-10,,,,160.8
2012-01-16,,,,159.1
2012-01-18,,,,159.3
2012-01-22,,,,157.6
2012-02-04,,,,156.7
2012-02-05,,,,158.2
2012-02-09,,,,154.5
2012-02-10,,,,154.1
2012-02-12,,,,151.1
2012-02-15,,,,151.7
2012-02-16,,,,151.6
2012-02-18,,,,150.0
2012-02-19,,,,150.9
2012-02-21,,,,152.5
2012-02-23,,,,153.3
2012-02-24,,,,152.4
2012-02-27,,,,154.7
2012-02-28,,,,152.8
2012-03-01,,,,150.1
2012-03-03,,,,148.6
2012-03-04,,,,149.3
2012-03-05,,,,147.4
2012-03-07,,,,148.0
2012-03-13,,,,148.2
2012-03-15,,,,149.0
2012-03-19,,,,154.8
2012-03-20,,,,152.0
2012-03-21,,,,153.7
2012-03-22,,,,152.1
2012-03-23,,,,150.8
2012-03-24,,,,146.9
2012-03-25,,,,146.3
2012-03-31,,,,146.7
2012-04-02,,,,148.3
2012-04-03,,,,149.5
2012-04-05,,,,153.2
2012-04-06,,,,156.7
2012-04-07,,,,159.4
2012-04-08,,,,162.1
2012-04-09,,,,162.1
2012-04-10,,,,158.3
2012-04-11,,,,155.4
2012-04-12,,,,154.6
2012-04-13,,,,154.2
2012-04-15,,,,156.8
2012-04-16,,,,155.0
2012-04-17,,,,155.0
2012-04-19,,,,155.9
2012-04-23,,,,163.1
2012-04-24,,,,160.0
2012-04-25,,,,160.2
2012-04-26,,,,163.1
2012-04-27,,,,158.8
2012-04-28,,,,159.0
2012-04-30,,,,166.6
2012-05-01,,,,160.5
2012-05-02,,,,165.1
2012-05-03,,,,159.8
2012-05-04,,,,159.9
2012-05-05,,,,164.3
2012-05-06,,,,161.4
2012-05-07,,,,160.1
2012-05-11,,,,160.6
2012-05-13,,,,165.5
2012-05-14,,,,164.8
2012-05-15,,,,161.8
2012-05-16,,,,160.4
2012-05-17,,,,159.0
2012-05-20,,,,158.0
2012-05-21,,,,159.1
2012-05-22,,,,160.1
2012-05-23,,,,158.1
2012-05-24,,,,157.6
2012-05-27,,,,165.7
2012-05-30,,,,164.7
2012-05-31,,,,167.4
2012-06-02,,,,164.0
2012-06-03,,,,168.0
2012-06-05,,,,165.6
2012-06-10,,,,171.0
2012-06-11,,,,170.8
2012-06-12,,,,169.8
2012-06-16,,,,170.6
2012-06-21,,,,173.8
2012-06-22,,,,175.8
2012-06-27,,,,176.0
2012-06-29,,,,172.8
2012-06-30,,,,172.0
2012-07-13,,,,176.4
2012-07-15,,,,173.4
2012-07-16,,,,172.0
2012-07-17,,,,172.2
2012-07-18,,,,171.4
2012-07-19,,,,170.8
2012-07-20,,,,169.8
2012-07-21,,,,167.9
2012-07-23,,,,169.4
2012-07-26,,,,168.6
2012-07-28,,,,168.6
2012-07-29,,,,166.7
2012-07-30,,,,165.2
2012-07-31,,,,166.1
2012-08-01,,,,165.0
2012-08-03,,,,167.8
2012-08-04,,,,168.0
2012-08-13,,,,165.0
2012-08-15,,,,162.2
2012-08-18,,,,166.5
2012-08-31,,,,162.7
2012-09-01,,,,164.8
2012-09-02,,,,163.6
2012-09-03,,,,163.7
2012-09-06,,,,164.3
2012-09-07,,,,166.2
2012-09-08,,,,163.2
2012-09-13,,,,163.5
2012-09-16,,,,160.1
2012-09-21,,,,160.7
2012-09-25,,,,160.5
2012-09-28,,,,157.9
2012-10-05,,,,156.8
2012-10-28,,,,161.0
2012-10-30,,,,160.5
2012-11-05,,,,159.7
2012-11-06,,,,161.7
2012-11-08,,,,161.8
2012-11-14,,,,163.7
2012-11-16,,,,164.0
2012-11-29,,,,165.7
2012-12-06,,,33.0,167.1
2012-12-07,,,,168.3
2012-12-11,,,,168.0
2012-12-17,,,,164.6
2012-12-20,,,,167.0
2012-12-21,,,,166.6
2012-12-24,,,,168.3
2012-12-25,,,,168.3
2012-12-28,,,,168.4
2013-01-03,,,,170.6
2013-01-06,,,,171.7
2013-01-08,,,,169.8
2013-01-11,,,,170.9
2013-01-12,,,,173.6
2013-01-14,,,,170.9
2013-01-19,,,,170.3
2013-01-21,,,33.5,170.2
2013-01-24,,,,167.8
2013-01-26,,,,165.8
2013-01-27,,,,167.5
2013-01-28,,,33.5,167.0
2013-01-29,,,,166.6
2013-01-31,,,,166.8
2013-02-01,,,,163.3
2013-02-02,,,,163.3
2013-02-03,,,,164.0
2013-02-04,,,32.75,165.7
2013-02-07,,,,164.3
2013-02-09,,,,162.1
2013-02-10,,,,164.2
2013-02-11,,,32.0,165.1
2013-02-12,,,,165.3
2013-02-13,,,,164.3
2013-02-14,,,,162.5
2013-02-15,,,,162.6
2013-02-16,,,,162.9
2013-02-17,,,,165.2
2013-02-18,,,32.0,165.2
2013-02-19,,,,163.5
2013-02-20,,,,163.5
2013-02-21,,,,162.6
2013-02-22,,,,161.4
2013-02-24,,,,162.6
2013-02-25,,,31.5,162.3
2013-02-26,,,,162.1
2013-02-27,,,,162.1
2013-02-28,,,,161.3
2013-03-01,,,,161.3
2013-03-03,,,,159.7
2013-03-04,,,31.0,159.3
2013-03-05,,,,159.4
2013-03-06,,,,160.5
2013-03-07,,,,160.2
2013-03-08,,,,161.4
2013-03-09,,,,162.9
2013-03-10,,,31.75,162.9
2013-03-11,,,32.5,168.0
2013-03-12,,,32.25,166.1
2013-03-17,,,33.0,165.0
2013-03-18,,,32.0,162.6
2013-03-19,,,,162.1
2013-03-21,,,,161.6
2013-03-22,,,,160.8
2013-03-23,,,,160.6
2013-03-24,,,31.75,
2013-03-25,,,,160.7
2013-03-26,,,,160.0
2013-03-28,,,,159.7
2013-03-29,,,,159.3
2013-03-31,,,31.25,158.5
2013-04-01,,,,159.5
2013-04-02,,,,159.5
2013-04-03,,,,159.5
2013-04-04,,,,159.2
2013-04-05,,,,158.7
2013-04-06,,,,157.9
2013-04-07,,,30.875,157.9
2013-04-08,,,,156.6
2013-04-09,,,,156.5
2013-04-10,,,,156.4
2013-04-12,,,,155.0
2013-04-13,,,,155.0
2013-04-14,,,,153.8
2013-04-15,,,30.375,154.2
2013-04-16,,,,153.7
2013-04-17,,,,154.3
2013-04-18,,,,154.8
2013-04-22,,,31.25,159.1
2013-04-24,,,,157.9
2013-04-25,,,,159.3
2013-04-26,,,,158.9
2013-04-27,,,,156.4
2013-04-28,,,31.25,158.7
2013-04-29,,,,158.1
2013-04-30,,,,158.4
2013-05-01,,,,157.6
2013-05-02,,,,156.7
2013-05-03,,,,159.7
2013-05-04,,,,160.3
2013-05-05,,,31.5,160.3
2013-05-06,,,,158.4
2013-05-07,,,,159.7
2013-05-08,,,,157.9
2013-05-09,,,,158.2
2013-05-11,,,31.375,159.2
2013-05-17,,,32.125,163.8
2013-05-18,,,32.5,161.0
2013-05-19,,,33.0,164.4
2013-05-20,,,33.5,170.0
2013-05-22,,,32.75,163.0
2013-05-23,,,32.375,161.0
2013-05-24,,,32.25,160.9
2013-05-25,,,32.0,
2013-05-26,,,32.0,161.3
2013-05-27,,,31.875,160.5
2013-05-28,,,,162.3
2013-05-29,,,,161.3
2013-05-31,,,,162.3
2013-06-02,,,32.5,163.7
2013-06-03,,,32.875,165.0
2013-06-04,,,,165.0
2013-06-05,,,,164.1
2013-06-09,,,32.5,164.1
2013-06-10,,,,166.7
2013-06-13,,,,165.4
2013-06-18,,,32.375,165.8
2013-06-19,,,,165.8
2013-06-21,,,,166.4
2013-06-22,,,,165.5
2013-06-24,,,32.625,165.5
2013-06-25,,,,167.2
2013-06-27,,,,166.9
2013-06-29,,,,167.3
2013-06-30,,,32.6,167.3
2013-07-01,,,,166.0
2013-07-02,,,,167.6
2013-07-03,,,,166.7
2013-07-07,,,32.5,
2013-07-08,,,,167.3
2013-07-09,,,,168.3
2013-07-10,,,,168.3
2013-07-11,,,,167.1
2013-07-12,,,,166.8
2013-07-14,,,32.5,168.3
2013-07-17,,,,169.4
2013-07-19,,,,167.8
2013-07-20,,,,168.7
2013-07-21,,,32.25,168.7
2013-07-22,,,,168.7
2013-07-27,,,,167.3
2013-07-28,,,32.75,169.7
2013-07-29,,,,171.1
2013-08-02,,,,170.0
2013-08-03,,,,170.0
2013-08-04,,,32.875,170.0
2013-08-10,,,,168.9
2013-08-11,,,32.375,169.9
2013-08-18,,,32.375,169.9
2013-08-30,,,,167.3
2013-08-31,,,,168.3
2013-09-01,,,32.25,168.3
2013-09-04,,,,168.5
2013-09-06,,,,169.4
2013-09-08,,,32.125,168.3
2013-09-10,,,,170.9
2013-09-13,,,,171.1
2013-09-14,,,,168.8
2013-09-15,,,32.5,170.2
2013-09-17,,,,170.9
2013-09-19,,,,168.7
2013-09-22,,,32.25,169.2
2013-09-23,,,,167.6
2013-09-24,,,,167.6
2013-09-26,,,,168.6
2013-09-28,,,,169.5
2013-09-29,,,32.0,168.4
2013-10-01,,,,168.3
2013-10-03,,,,167.6
2013-10-05,,,,168.4
2013-10-06,,,32.5,168.9
2013-10-07,,,,166.6
2013-10-10,,,,170.0
2013-10-13,,,32.125,165.6
2013-10-14,,,,166.4
2013-10-15,,,,167.2
2013-10-22,,,31.375,
2013-10-26,,,,163.6
2013-10-27,,,31.0,163.6
2013-10-28,,,,163.5
2013-10-29,,,,162.7
2013-11-03,,,,164.2
2013-11-04,,,,163.2
2013-11-05,,,,164.5
2013-11-06,,,,166.2
2013-11-10,,,31.875,163.5
2013-11-17,,,31.5,162.2
2013-11-23,,,31.25,162.2
2013-11-24,,,31.0,161.5
2013-11-28,,,,160.1
2013-11-29,,,,160.1
2013-12-01,37.5,15.375,32.0,165.0
2013-12-07,,,30.875,161.2
2013-12-08,37.5,15.25,30.625,158.3
2013-12-14,,,30.375,157.4
2013-12-15,,,30.25,156.1
2013-12-16,,,,157.7
2013-12-17,,,,155.7
2013-12-18,,,,154.6
2013-12-21,,,29.75,155.1
2014-01-03,,,31.0,160.1
2014-01-04,,,30.75,158.8
2014-01-11,,,30.625,158.3
2014-01-18,,,31.125,159.5
2014-01-20,,,,161.0
2014-01-22,,,31.75,
2014-01-23,,,32.25,
2014-02-01,,,31.5,163.2
2014-02-08,,,32.75,169.0
2014-02-09,,,32.25,167.0
2014-02-11,,,32.375,
2014-02-15,,,32.5,169.4
2014-02-19,,,33.5,
2014-02-20,,,33.25,
2014-02-22,,,33.125,171.7
2014-03-01,,,33.625,171.7
2014-03-02,,,33.375,171.2
2014-03-08,,,33.625,173.0
2014-03-15,,,32.75,168.3
2014-03-22,,,32.75,167.6
2014-03-29,,,32.625,164.8
2014-03-30,,,32.0,
2014-04-05,,,32.0,164.3
2014-04-12,,,32.375,166.0
2014-04-13,,,,167.4
2014-04-19,,,32.375,165.0
2014-04-26,,,32.125,165.0
2014-05-03,,,32.0,165.0
2014-05-10,,,32.0,166.4
2014-05-23,,,33.125,169.7
2014-05-31,,,32.75,168.7
2014-06-08,,,32.5,167.7
2014-06-21,,,32.75,169.8
2014-06-22,,,,168.5
2014-06-28,,,32.125,168.5
2014-07-05,,,32.5,170.0
2014-07-12,,,32.0,168.8
2014-07-19,,,32.0,167.8
2014-07-20,,,31.75,167.0
2014-07-26,,,31.75,166.7
2014-07-27,,,31.75,166.7
2014-08-01,,,31.25,162.8
2014-08-11,,,32.25,
2014-08-16,,,,167.1
2014-08-17,,,,168.1
2014-09-06,,,32.125,167.0
2014-09-13,,,32.625,170.8
2014-09-20,,,,170.4
2014-09-21,,,32.25,170.3
2014-09-28,,,32.5,171.3
2014-10-04,,,32.375,171.4
2014-10-05,,,,170.5
2014-10-11,,,32.375,172.2
2014-10-19,,,32.5,174.9
2014-10-26,,,32.75,175.0
2014-11-01,,,32.125,172.7
2014-11-08,,,32.625,174.7
2014-11-15,,,,173.5
2014-11-22,,,32.375,173.5
2014-12-06,,,32.375,171.9
2015-01-10,,,32.0,172.3
2015-01-17,,,32.125,173.0
2015-01-24,,,31.75,171.3
2015-01-25,,,,170.4
2015-01-31,,,31.5,170.3
2015-02-01,,,31.75,171.0
2015-02-07,,,31.5,171.7
2015-02-14,,,31.75,172.8
2015-02-21,,,31.125,
2015-02-28,,,31.5,171.0
2015-03-07,,,31.5,170.0
2015-03-12,,,,169.3
2015-03-16,,,31.375,169.5
2015-03-21,,,31.25,165.9
2015-03-27,,,31.125,166.6
2015-03-29,,,31.25,166.4
2015-04-03,,,31.25,165.5
2015-04-05,,,31.125,166.7
2015-04-12,,,31.125,166.6
2015-04-13,,,,166.5
2015-04-17,,,,166.2
2015-04-18,,,30.875,165.1
2015-04-19,,,,164.5
2015-04-20,,,,164.3
2015-04-22,,,,166.0
2015-04-23,,,,164.0
2015-04-26,,,30.75,164.9
2015-05-02,,,30.625,163.9
2015-05-10,,,30.5,161.8
2015-05-11,,,30.375,161.0
2015-05-18,,,30.5,159.6
2015-05-19,,,30.0,159.0
2015-05-20,,,30.0,158.7
2015-05-21,,,30.125,159.5
2015-05-28,,,30.375,159.7
2015-05-30,,,30.25,161.2
2015-06-03,,,30.625,160.8
2015-06-04,,,30.125,158.6
2015-06-05,,,,160.5
2015-06-07,,,30.125,162.3
2015-06-10,,,30.125,161.0
2015-06-12,,,30.125,160.7
2015-06-15,,,30.25,161.7
2015-06-16,,,30.375,160.9
2015-06-21,,,30.25,161.7
2015-06-28,,,30.5,162.3
2015-07-05,,,30.75,163.3
2015-07-09,,,,164.7
2015-07-20,,,31.125,166.2
2015-07-23,,,31.375,167.3
2015-07-25,,,31.375,167.2
2015-07-26,,,31.125,166.9
2015-07-28,,,,168.0
2015-07-31,,,31.5,167.4
2015-08-07,,,31.75,169.2
2015-08-15,,,31.25,164.8
2015-08-17,,,31.375,167.7
2015-08-22,,,31.375,168.4
2015-08-25,,,31.625,170.8
2015-08-28,,,31.875,
2015-08-29,,,31.75,170.5
2015-09-04,,,31.875,170.4
2015-09-05,,,,171.7
2015-09-06,,,31.75,172.6
2015-09-07,,,31.625,171.6
2015-09-12,,,31.75,170.5
2015-09-19,,,31.75,175.0
2015-09-20,,,,171.9
2015-09-27,,,32.125,173.4
2015-10-10,,,31.625,171.1
2015-10-18,,,32.0,174.4
2015-10-23,,,32.375,177.8
2015-10-24,,,,176.5
2015-10-31,,,32.375,176.4
2015-11-15,,,32.375,177.6
2015-11-26,,,32.375,178.1
2015-11-28,,,32.75,178.6
2015-12-05,,,32.25,175.8
2015-12-12,,,32.5,178.1
2015-12-29,,,32.375,178.1
2016-01-02,,,32.375,177.0
2016-01-10,,,32.25,177.6
2016-01-16,,,32.375,177.1
2016-01-26,,,32.25,176.5
2016-01-31,,,31.875,173.8
2016-02-06,,,31.625,173.8
2016-02-07,,,31.875,175.8
2016-02-16,,,31.625,173.0
2016-02-21,,,31.375,170.9
2016-03-02,,,31.625,174.3
2016-03-06,,,31.325,171.7
2016-03-13,,,31.125,169.9
2016-03-20,,,31.125,171.6
2016-03-26,,,31.125,168.8
2016-03-31,,,31.25,169.0
2016-04-09,,,31.375,174.6
2016-04-11,,,31.375,171.3
2016-04-16,,,31.0,169.7
2016-04-23,,,30.875,169.2
2016-04-24,,,31.25,169.7
2016-05-01,,,30.75,168.1
2016-05-03,,,30.75,167.0
2016-05-06,,,30.625,168.2
2016-05-07,,,30.625,168.2
2016-05-15,,,30.5,168.3
2016-05-16,,,30.5,166.7
2016-05-17,,,,166.2
2016-05-24,,,,165.7
2016-05-28,,,30.625,166.1
2016-05-31,,,30.375,165.1
2016-06-03,,,30.5,165.0
2016-06-04,,,30.375,163.9
2016-06-06,,,30.25,163.8
2016-06-12,,,30.375,164.0
2016-06-13,,,30.25,163.7
2016-06-15,,,,163.1
2016-06-19,,,,162.9
2016-06-24,,,30.375,163.7
2016-06-25,,,30.25,163.0
2016-06-26,,,30.25,161.8
2016-07-02,,,30.25,163.7
2016-07-03,,,30.125,164.8
2016-07-04,,,30.25,165.1
2016-07-10,,,30.625,168.8
2016-07-11,,,,166.2
2016-07-12,,,,165.9
2016-07-13,,,30.5,165.1
2016-07-16,,,30.25,163.5
2016-07-17,,,30.0,161.0
2016-07-18,,,30.125,162.6
2016-07-20,,,30.125,162.6
2016-07-21,,,30.125,161.9
2016-07-22,,,30.125,163.6
2016-07-23,,,29.875,160.5
2016-07-24,,,29.75,161.0
2016-07-25,,,29.75,161.1
2016-07-29,,,29.75,161.4
2016-07-30,,,30.125,166.2
2016-07-31,,,30.25,165.8
2016-08-01,,,30.375,165.1
2016-08-04,,,29.875,162.3
2016-08-05,,,29.75,161.5
2016-08-06,,,30.375,164.1
2016-08-09,,,30.125,164.5
2016-08-11,,,30.125,162.1
2016-08-15,,,30.0,165.3
2016-08-16,,,30.0,163.9
2016-08-17,,,,162.7
2016-08-19,,,30.0,162.4
2016-08-20,,,30.125,162.0
2016-08-21,,,29.75,160.1
2016-08-22,,,29.625,159.7
2016-08-27,,,29.75,160.4
2016-09-15,,,30.375,163.6
2016-09-16,,,30.25,162.3
2016-09-17,,,30.25,161.8
2016-09-19,,,30.25,162.0
2016-09-20,,,30.125,159.8
2016-09-22,,,30.125,160.2
2016-09-25,,,30.125,161.6
2016-09-27,,,30.125,161.5
2016-09-30,,,30.375,161.7
2016-10-01,,,30.375,163.2
2016-10-02,,,30.25,162.2
2016-10-03,,,30.375,162.4
2016-10-04,,,30.25,161.4
2016-10-08,,,30.375,160.8
2016-10-11,,,30.375,163.5
2016-10-12,,,30.125,160.7
2016-10-15,,,30.375,162.0
2016-10-16,,,30.25,160.6
2016-10-18,,,30.125,161.0
2016-10-20,,,30.25,161.4
2016-10-21,,,30.25,162.3
2016-10-22,,,30.25,160.9
2016-10-23,,,30.25,159.2
2016-10-26,,,30.25,160.4
2016-10-27,,,30.25,159.9
2016-10-30,,,30.25,160.5
2016-11-05,,,30.625,163.1
2016-11-07,,,30.25,161.7
2016-11-12,,,30.5,161.5
2016-11-13,,,30.5,161.3
2016-11-19,,,30.5,164.8
2016-11-20,,,30.5,164.3
2016-11-22,,,30.5,163.2
2016-11-27,,,30.375,164.1
2016-12-04,,,30.5,163.3
2016-12-22,,,31.25,166.6
2016-12-24,,,31.0,166.6
2016-12-25,,,31.0,167.6
2016-12-30,,,31.0,166.0
2017-01-02,,,31.0,168.0
2017-01-07,,,31.125,167.3
2017-01-08,,,31.25,170.1
2017-01-14,,,31.0,168.3
2017-01-22,,,31.0,166.7
2017-01-28,,,30.75,165.1
2017-01-29,,,30.75,167.4
2017-02-04,,,31.125,168.1
2017-02-05,,,31.125,167.2
2017-02-11,,,31.0,168.7
2017-02-16,,,31.0,170.0
2017-02-18,,,31.0,168.4
2017-02-26,,,31.0,167.2
2017-02-27,,,,169.3
2017-03-02,,,31.5,168.1
2017-03-05,,,31.0,168.7
2017-03-18,,,31.25,169.2
2017-03-19,,,31.0,168.6
2017-03-25,,,31.0,168.7
2017-03-26,,,31.0,168.0
2017-04-01,,,31.125,167.6
2017-04-02,,,31.0,167.0
2017-04-08,,,30.75,166.6
2017-04-09,,,30.75,166.8
2017-04-12,,,31.0,167.5
2017-04-15,,,30.625,166.4
2017-04-16,,,30.625,166.6
2017-04-20,,,,168.0
2017-04-22,,,30.625,165.7
2017-04-23,,,30.5,164.1
2017-04-30,,,30.5,164.0
2017-05-06,,,30.75,165.2
2017-05-14,,,30.125,164.2
2017-05-20,,,30.25,162.3
2017-05-21,,,30.0,
2017-05-27,,,30.125,
2017-05-29,,,30.0,
2017-05-30,,,30.0,161.8
2017-05-31,,,,162.2
2017-06-01,,,,162.0
2017-06-03,,,30.0,162.6
2017-06-04,,,30.0,160.8
2017-06-05,,,,163.2
2017-06-07,,,,163.2
2017-06-09,,,,161.6
2017-06-10,,,30.0,162.2
2017-06-11,,,29.75,161.0
2017-06-12,,,,162.6
2017-06-13,,,,163.2
2017-06-14,,,30.0,163.2
2017-06-15,,,,162.0
2017-06-16,,,30.0,161.6
2017-06-17,,,,161.2
2017-06-18,,,29.875,160.0
2017-06-19,,,29.875,162.0
2017-06-20,,,30.0,162.8
2017-06-21,,,,162.4
2017-06-23,,,,160.2
2017-06-24,,,29.75,159.2
2017-06-27,,,30.125,162.6
2017-06-28,,,30.0,161.6
2017-06-29,,,,160.8
2017-06-30,,,,162.0
2017-07-01,,,30.0,161.6
2017-07-02,,,30.0,161.6
2017-07-03,,,,162.0
2017-07-04,,,30.0,162.2
2017-07-06,,,30.125,163.6
2017-07-07,,,,162.8
2017-07-08,,,29.875,161.8
2017-07-09,,,30.0,162.2
2017-07-10,,,,161.6
2017-07-12,,,,160.8
2017-07-14,,,,161.6
2017-07-15,,,29.875,160.8
2017-07-16,,,29.75,160.8
2017-07-17,,,,161.4
2017-07-20,,,29.875,163.2
2017-07-21,,,29.875,163.6
2017-07-22,,,29.875,162.6
2017-07-23,,,29.875,162.6
2017-07-24,,,29.875,163.8
2017-07-25,,,30.0,164.4
2017-07-26,,,30.0,165.4
2017-07-27,,,30.0,164.8
2017-07-28,,,30.0,164.8
2017-07-29,,,30.0,163.6
2017-07-30,,,,163.6
2017-07-31,,,29.875,162.0
2017-08-01,,,,162.8
2017-08-02,,,30.0,163.6
2017-08-03,,,30.0,164.0
2017-08-04,,,30.125,163.6
2017-08-05,,,30.0,165.0
2017-08-06,,,30.0,164.0
2017-08-07,,,30.0,161.6
2017-08-11,,,30.25,
2017-08-12,,,30.0,
2017-08-14,,,30.0,161.6
2017-08-15,,,,162.4
2017-08-16,,,29.75,162.4
2017-08-17,,,29.75,162.2
2017-08-18,,,29.875,163.2
2017-08-19,,,29.875,162.0
2017-08-20,,,,161.6
2017-08-21,,,29.625,161.0
2017-08-22,,,29.625,160.4
2017-08-23,,,29.75,161.6
2017-08-24,,,29.625,162.2
2017-08-25,,,29.75,162.4
2017-08-26,,,29.75,162.0
2017-08-27,,,29.875,163.2
2017-08-28,,,29.875,162.6
2017-08-29,,,30.0,163.2
2017-08-30,,,29.75,163.2
2017-08-31,,,30.0,162.6
2017-09-01,,,,162.2
2017-09-02,,,29.875,164.4
2017-09-03,,,29.625,162.2
2017-09-04,,,30.0,162.6
2017-09-05,,,29.625,161.4
2017-09-06,,,29.75,162.4
2017-09-07,,,30.0,162.2
2017-09-08,,,29.875,162.0
2017-09-09,,,29.75,161.0
2017-09-10,,,29.5,160.6
2017-09-11,,,29.625,159.8
2017-09-12,,,29.5,160.2
2017-09-13,,,29.75,
2017-09-14,,,29.875,162.4
2017-09-16,,,,162.2
2017-09-17,,,29.75,161.0
2017-09-18,,,29.625,160.2
2017-09-19,,,29.875,162.2
2017-09-20,,,29.75,160.6
2017-09-21,,,29.875,162.6
2017-09-22,,,30.125,163.2
2017-09-23,,,30.125,163.2
2017-09-24,,,29.625,161.2
2017-09-25,,,29.625,162.0
2017-09-27,,,30.0,161.2
2017-09-28,,,29.875,161.6
2017-09-29,,,,161.8
2017-09-30,,,30.125,162.8
2017-10-01,,,29.75,161.8
2017-10-02,,,29.75,161.0
2017-10-03,,,29.75,161.8
2017-10-04,,,29.875,161.6
2017-10-05,,,29.75,161.4
2017-10-06,,,30.0,162.8
2017-10-07,,,30.125,161.6
2017-10-08,,,29.75,162.0
2017-10-09,,,29.875,162.6
2017-10-11,,,30.0,163.2
2017-10-12,,,30.0,163.4
2017-10-13,,,30.25,164.2
2017-10-14,,,30.125,163.8
2017-10-15,,,29.625,159.8
2017-10-16,,,29.875,162.4
2017-10-17,,,30.125,162.8
2017-10-18,,,30.125,163.0
2017-10-20,,,30.125,163.6
2017-10-21,,,29.875,161.8
2017-10-22,,,29.75,161.0
2017-10-23,,,30.0,162.8
2017-10-24,,,30.125,163.2
2017-10-25,,,30.0,163.6
2017-10-26,,,30.25,164.8
2017-10-27,,,30.25,164.2
2017-10-28,,,30.25,162.2
2017-10-29,,,29.75,161.8
2017-10-30,,,30.0,162.8
2017-10-31,,,30.125,162.8
2017-11-01,,,30.125,163.2
2017-11-02,,,29.75,161.2
2017-11-03,,,29.75,161.6
2017-11-04,,,29.75,159.8
2017-11-05,,,29.75,161.0
2017-11-06,,,29.875,162.0
2017-11-07,,,30.125,162.8
2017-11-08,,,,163.2
2017-11-10,,,29.75,161.6
2017-11-11,,,29.625,161.0
2017-11-12,,,29.625,161.6
2017-11-13,,,29.875,162.2
2017-11-14,,,29.875,162.2
2017-11-15,,,30.0,161.8
2017-11-16,,,30.0,162.4
2017-11-17,,,30.5,164.0
2017-11-18,,,30.0,163.6
2017-11-19,,,29.75,161.0
2017-11-20,,,29.875,162.2
2017-11-21,,,30.25,163.2
2017-11-22,,,30.375,164.0
2017-11-23,,,29.875,162.6
2017-11-25,,,30.0,162.2
2017-11-26,,,30.125,162.6
2017-11-27,,,30.25,163.2
2017-11-28,,,30.0,163.8
2017-11-29,,,,164.0
2017-11-30,,,30.25,164.4
2017-12-01,,,30.25,164.8
2017-12-02,,,30.25,163.6
2017-12-03,,,30.125,162.8
2017-12-04,,,30.0,163.6
2017-12-05,,,30.25,164.0
2017-12-06,,,30.25,163.8
2017-12-07,,,30.0,164.2
2017-12-08,,,30.375,164.4
2017-12-09,,,30.125,163.4
2017-12-10,,,30.0,161.8
2017-12-13,,,30.0,162.2
2017-12-14,,,30.0,163.0
2017-12-15,,,30.125,162.4
2017-12-16,,,30.0,161.6
2017-12-17,,,29.75,159.2
2017-12-18,,,30.0,160.6
2017-12-19,,,30.0,162.8
2017-12-20,,,30.0,162.6
2017-12-21,,,30.0,162.6
2017-12-22,,,29.875,162.2
2017-12-23,,,30.0,161.0
2017-12-24,,,30.0,161.8
2017-12-26,,,,163.0
2017-12-27,,,30.0,163.6
2017-12-28,,,30.0,163.4
2017-12-29,,,30.125,164.2
2017-12-30,,,30.0,163.0
2017-12-31,,,30.125,164.0
2018-01-01,,,30.125,164.2
2018-01-02,,,30.0,163.0
2018-01-03,,,30.0,164.2
2018-01-04,,,30.125,164.4
2018-01-05,,,30.125,165.4
2018-01-06,,,30.125,164.4
2018-01-07,,,30.125,165.0
2018-01-08,,,30.125,164.2
2018-01-09,,,30.25,164.8
2018-01-10,,,30.25,165.6
2018-01-11,,,30.25,165.6
2018-01-12,,,30.375,166.0
2018-01-13,,,30.25,165.6
2018-01-15,,,30.25,164.2
2018-01-16,,,30.25,164.2
2018-01-17,,,30.5,165.6
2018-01-18,,,30.375,164.2
2018-01-19,,,30.5,165.8
2018-01-20,,,30.125,165.0
2018-01-21,,,30.375,165.0
2018-01-22,,,30.125,164.0
2018-01-23,,,30.125,164.0
2018-01-24,,,30.25,163.4
2018-01-25,,,29.875,161.6
2018-01-26,,,30.25,163.0
2018-01-27,,,30.0,161.2
2018-01-28,,,30.0,162.4
2018-01-29,,,30.0,162.6
2018-01-30,,,29.75,163.0
2018-01-31,,,29.75,162.8
2018-02-01,,,29.75,163.0
2018-02-02,,,29.875,163.2
2018-02-03,,,29.875,162.2
2018-02-04,,,29.75,161.2
2018-02-05,,,29.75,161.8
2018-02-06,,,29.75,162.4
2018-02-07,,,29.75,162.2
2018-02-08,,,29.875,163.0
2018-02-09,,,29.75,162.2
2018-02-10,,,29.5,160.2
2018-02-11,,,29.75,160.0
2018-02-12,,,30.0,160.8
2018-02-14,,,29.875,161.8
2018-02-15,,,29.75,160.8
2018-02-16,,,29.875,162.0
2018-02-17,,,29.75,161.2
2018-02-18,,,29.5,160.2
2018-02-19,,,29.625,160.8
2018-02-20,,,30.0,162.4
2018-02-21,,,30.0,161.2
2018-02-22,,,29.75,160.2
2018-02-23,,,29.625,160.4
2018-02-24,,,29.75,161.8
2018-02-25,,,29.75,160.2
2018-02-26,,,29.5,160.6
2018-02-27,,,29.75,161.0
2018-02-28,,,29.625,160.6
2018-03-01,,,29.5,159.8
2018-03-02,,,29.625,159.8
2018-03-03,,,29.375,158.0
2018-03-04,,,29.25,157.6
2018-03-05,,,29.375,158.6
2018-03-06,,,29.5,158.6
2018-03-07,,,29.5,159.0
2018-03-08,,,29.25,158.6
2018-03-09,,,29.5,157.6
2018-03-13,,,29.875,
2018-03-18,,,29.5,
2018-03-23,,,29.75,
2018-03-26,,,29.25,154.8
2018-03-27,,,29.375,155.0
2018-03-28,,,29.25,155.0
2018-03-29,,,29.125,155.0
2018-03-30,,,29.125,155.2
2018-04-01,,,29.125,155.6
2018-04-02,,,29.5,157.4
2018-04-03,,,29.5,157.8
2018-04-04,,,29.625,157.8
2018-04-05,,,29.625,157.6
2018-04-06,,,29.5,158.6
2018-04-07,,,29.75,158.4
2018-04-08,,,29.5,157.6
2018-04-09,,,29.625,159.2
2018-04-10,,,29.75,159.4
2018-04-11,,,29.75,160.0
2018-04-12,,,29.75,160.8
2018-04-13,,,29.75,160.2
2018-04-14,,,29.75,159.6
2018-04-15,,,29.75,158.4
2018-04-16,,,29.625,158.8
2018-04-17,,,29.625,159.8
2018-04-18,,,29.75,159.8
2018-04-19,,,29.625,159.8
2018-04-20,,,29.75,159.6
2018-04-21,,,29.75,158.8
2018-04-22,,,29.5,159.6
2018-04-23,,,29.625,159.2
2018-04-25,,,29.75,158.8
2018-04-26,,,29.625,158.0
2018-04-27,,,29.5,158.0
2018-04-28,,,29.875,160.4
2018-04-29,,,29.25,157.2
2018-04-30,,,29.625,159.2
2018-05-01,,,29.875,160.0
2018-05-02,,,29.75,160.2
2018-05-03,,,29.75,159.2
2018-05-04,,,30.0,160.2
2018-05-05,,,29.5,159.6
2018-05-06,,,29.625,158.0
2018-05-07,,,29.375,159.0
2018-05-08,,,29.875,160.2
2018-05-09,,,29.75,160.4
2018-05-11,,,30.0,161.6
2018-05-12,,,29.875,160.6
2018-05-13,,,29.625,159.4
2018-05-14,,,29.75,159.6
2018-05-15,,,30.0,161.0
2018-05-17,,,30.125,162.0
2018-05-18,,,29.875,161.4
2018-05-19,,,30.0,161.4
2018-05-20,,,29.75,160.0
2018-05-21,,,29.75,159.6
2018-05-22,,,29.75,159.8
2018-05-23,,,30.0,159.6
2018-05-24,,,29.625,159.8
2018-05-26,,,29.75,159.4
2018-05-27,,,29.375,159.0
2018-05-28,,,29.625,159.0
2018-05-29,,,29.75,159.6
2018-05-30,,,29.875,161.8
2018-05-31,,,30.25,162.4
2018-06-01,,,30.0,161.6
2018-06-02,,,30.125,163.2
2018-06-04,,,29.875,160.2
2018-06-05,,,29.75,160.0
2018-06-06,,,29.875,161.0
2018-06-07,,,29.625,160.4
2018-06-08,,,29.875,161.2
2018-06-09,,,29.875,161.0
2018-06-10,,,29.75,160.0
2018-06-11,,,29.75,160.6
2018-06-13,,,29.75,161.4
2018-06-14,,,29.75,164.4
2018-06-19,,,29.75,161.8
2018-06-20,,,29.75,161.4
2018-06-21,,,29.625,161.2
2018-06-22,,,29.875,162.0
2018-06-24,,,29.5,159.0
2018-06-25,,,29.625,160.4
2018-06-26,,,29.75,161.6
2018-06-27,,,29.75,161.6
2018-06-29,,,29.75,160.4
2018-06-30,,,29.5,160.0
2018-07-01,,,,160.4
2018-07-02,,,29.75,160.6
2018-07-03,,,29.875,161.4
2018-07-04,,,29.625,161.0
2018-07-05,,,29.5,161.4
2018-07-06,,,29.875,161.6
2018-07-07,,,29.75,161.4
2018-07-08,,,29.625,161.0
2018-07-09,,,30.0,162.8
2018-07-11,,,29.875,162.2
2018-07-12,,,29.625,160.6
2018-07-14,,,30.125,164.2
2018-07-15,,,29.75,162.4
2018-07-16,,,29.75,162.0
2018-07-17,,,29.875,163.0
2018-07-18,,,29.75,161.6
2018-07-19,,,29.75,161.2
2018-07-20,,,30.0,163.8
2018-07-23,,,29.875,164.4
2018-07-24,,,30.125,163.6
2018-07-25,,,29.75,162.4
2018-07-26,,,29.875,163.8
2018-07-27,,,29.75,163.4
2018-07-28,,,29.75,162.2
2018-07-29,,,30.0,162.8
2018-07-30,,,30.125,162.8
2018-07-31,,,30.125,164.2
2018-08-01,,,29.75,162.4
2018-08-02,,,30.0,163.4
2018-08-03,,,30.125,164.6
2018-08-04,,,30.0,163.4
2018-08-06,,,29.75,163.8
2018-08-07,,,29.75,163.0
2018-08-08,,,29.875,165.2
2018-08-09,,,30.0,165.2
2018-08-13,,,29.875,163.4
2018-08-14,,,29.75,164.0
2018-08-15,,,29.75,164.2
2018-08-16,,,29.75,163.8
2018-08-17,,,30.125,166.4
2018-08-18,,,29.625,164.0
2018-08-19,,,29.5,163.2
2018-08-20,,,29.75,164.6
2018-08-21,,,29.75,165.0
2018-08-24,,,29.875,165.0
2018-08-25,,,29.75,165.0
2018-08-26,,,30.0,163.2
2018-08-27,,,30.0,164.8
2018-08-28,,,30.0,164.4
2018-08-29,,,30.0,164.4
2018-08-30,,,30.0,165.4
2018-09-01,,,,164.4
2018-09-03,,,29.625,165.0
2018-09-04,,,30.0,165.4
2018-09-05,,,30.25,165.6
2018-09-07,,,29.875,165.2
2018-09-08,,,29.875,164.0
2018-09-09,,,29.875,164.4
2018-09-13,,,29.75,163.8
2018-09-14,,,30.0,164.6
2018-09-15,,,29.75,163.6
2018-09-16,,,29.75,164.6
2018-09-17,,,30.0,164.8
2018-09-18,,,29.75,163.6
2018-09-20,,,30.0,165.2
2018-09-21,,,30.25,165.6
2018-09-22,,,30.0,165.8
2018-09-23,,,29.875,165.6
2018-09-24,,,29.875,165.0
2018-09-25,,,29.875,165.2
2018-09-26,,,29.75,164.0
2018-09-27,,,29.75,163.2
2018-09-28,,,29.625,163.4
2018-09-29,,,29.75,163.2
2018-09-30,,,29.375,161.8
2018-10-01,,,29.625,164.2
2018-10-02,,,29.375,162.4
2018-10-03,,,29.5,163.4
2018-10-04,,,29.5,163.8
2018-10-05,,,29.75,164.0
2018-10-06,,,29.625,163.0
2018-10-07,,,29.5,163.0
2018-10-08,,,29.625,162.6
2018-10-09,,,29.625,163.4
2018-10-10,,,29.5,163.2
2018-10-12,,,29.75,163.4
2018-10-13,,,29.5,163.2
2018-10-14,,,29.625,163.6
2018-10-15,,,29.625,163.6
2018-10-17,,,29.75,163.2
2018-10-19,,,29.875,164.6
2018-10-20,,,29.375,162.8
2018-10-21,,,29.5,163.2
2018-10-22,,,29.625,163.6
2018-10-23,,,29.75,163.0
2018-10-24,,,30.0,165.0
2018-10-25,,,29.75,165.0
2018-10-26,,,,164.4
2018-10-27,,,29.5,162.4
2018-10-28,,,29.625,163.2
2018-10-29,,,29.625,162.8
2018-10-30,,,29.5,162.8
2018-10-31,,,29.375,161.8
2018-11-01,,,29.75,163.2
2018-11-03,,,29.375,161.6
2018-11-04,,,29.375,162.5
2018-11-05,,,29.5,163.8
2018-11-06,,,29.625,163.8
2018-11-07,,,29.75,163.8
2018-11-08,,,29.75,163.8
2018-11-09,,,29.75,162.8
2018-11-10,,,29.5,162.4
2018-11-11,,,29.375,162.2
2018-11-12,,,29.625,162.8
2018-11-13,,,29.625,162.8
2018-11-14,,,29.875,164.0
2018-11-15,,,29.75,164.0
2018-11-16,,,29.875,164.0
2018-11-17,,,29.875,164.0
2018-11-18,,,29.875,164.4
2018-11-19,,,29.75,164.0
2018-11-20,,,29.75,164.6
2018-11-21,,,,165.2
2018-11-22,,,29.625,164.4
2018-11-23,,,29.75,163.8
2018-11-24,,,29.75,163.2
2018-11-25,,,29.5,163.2
2018-11-26,,,29.625,163.8
2018-11-27,,,29.75,165.2
2018-11-28,,,29.75,164.0
2018-11-29,,,29.625,165.0
2018-12-01,,,29.75,164.4
2018-12-02,,,29.625,162.8
2018-12-03,,,29.75,164.4
2018-12-04,,,29.75,164.6
2018-12-05,,,29.75,165.2
2018-12-06,,,29.625,164.8
2018-12-07,,,29.75,165.4
2018-12-08,,,29.375,161.8
2018-12-09,,,29.75,162.0
2018-12-10,,,29.75,163.8
2018-12-11,,,29.625,163.2
2018-12-13,,,29.625,163.0
2018-12-14,,,29.625,164.2
2018-12-15,,,29.5,162.4
2018-12-16,,,29.5,163.0
2018-12-17,,,29.625,164.2
2018-12-19,,,29.375,163.8
2018-12-20,,,29.375,163.4
2018-12-21,,,29.625,164.0
2018-12-22,,,29.375,162.4
2018-12-26,,,29.5,166.2
2018-12-27,,,29.5,165.4
2018-12-28,,,29.625,165.0
2018-12-29,,,,164.2
2018-12-30,,,29.5,165.2
2018-12-31,,,29.5,163.0
2019-01-01,,,29.5,163.6
2019-01-02,,,29.625,164.4
2019-01-03,,,29.5,163.6
2019-01-04,,,29.375,161.6
2019-01-05,,,29.625,162.2
2019-01-06,,,29.375,161.0
2019-01-07,,,29.5,162.4
2019-01-08,,,29.625,163.4
2019-01-09,,,29.625,163.4
2019-01-10,,,29.5,164.6
2019-01-11,,,29.5,164.8
2019-01-12,,,29.625,165.0
2019-01-13,,,29.5,164.2
2019-01-14,,,29.625,164.0
2019-01-15,,,29.5,164.4
2019-01-16,,,29.5,164.4
2019-01-17,,,29.625,165.6
2019-01-18,,,,164.2
2019-01-19,,,29.375,162.8
2019-01-20,,,29.375,162.8
2019-01-21,,,29.375,162.2
2019-01-22,,,29.5,164.2
2019-01-23,,,29.5,163.2
2019-01-24,,,29.75,164.6
2019-01-25,,,29.5,163.6
2019-01-26,,,29.5,163.2
2019-01-27,,,29.375,162.2
2019-01-28,,,29.625,164.2
2019-01-29,,,29.625,163.8
2019-01-30,,,29.5,163.8
2019-01-31,,,29.5,163.6
2019-02-01,,,29.625,165.2
2019-02-02,,,29.625,164.2
2019-02-03,,,29.5,163.2
2019-02-05,,,29.625,164.0
2019-02-10,,,29.875,166.8
2019-02-11,,,29.625,164.6
2019-02-12,,,29.625,163.6
2019-02-13,,,29.875,164.2
2019-02-14,,,29.75,165.2
2019-02-15,,,29.875,165.0
2019-02-16,,,29.75,163.0
2019-02-17,,,29.5,163.8
2019-02-18,,,29.75,165.0
2019-02-19,,,29.75,165.4
2019-02-20,,,29.75,165.6
2019-02-21,,,30.0,167.2
2019-02-22,,,29.75,165.6
2019-02-23,,,29.75,164.4
2019-02-25,,,29.75,164.2
2019-02-26,,,29.75,164.8
2019-02-27,,,29.875,165.2
2019-02-28,,,29.75,164.8
2019-03-01,,,29.75,164.4
2019-03-02,,,29.5,162.0
2019-03-03,,,29.375,163.2
2019-03-04,,,29.5,163.4
2019-03-05,,,29.625,164.2
2019-03-06,,,29.625,164.0
2019-03-07,,,29.5,162.8
2019-03-08,,,29.5,162.6
2019-03-09,,,29.375,161.2
2019-03-10,,,29.25,162.0
2019-03-11,,,29.5,162.6
2019-03-12,,,29.5,163.0
2019-03-13,,,29.5,162.2
2019-03-14,,,29.5,161.8
2019-03-15,,,29.5,162.4
2019-03-16,,,29.5,162.8
2019-03-17,,,29.375,162.4
2019-03-18,,,29.375,162.8
2019-03-19,,,29.375,162.8
2019-03-20,,,29.25,161.0
2019-03-21,,,29.125,161.6
2019-03-22,,,29.125,162.6
2019-03-23,,,29.125,162.2
2019-03-24,,,29.625,164.2
2019-03-25,,,29.125,161.8
2019-03-26,,,29.25,161.0
2019-03-27,,,29.125,160.4
2019-03-28,,,29.0,159.8
2019-03-29,,,29.0,160.2
2019-03-30,,,29.125,160.4
2019-03-31,,,29.375,160.6
2019-04-01,,,29.125,159.6
2019-04-03,,,29.0,158.8
2019-04-04,,,29.0,158.8
2019-04-05,,,28.875,158.4
2019-04-06,,,29.0,158.6
2019-04-07,,,28.875,158.2
2019-04-08,,,28.875,158.6
2019-04-09,,,29.125,159.0
2019-04-10,,,29.125,158.2
2019-04-11,,,28.75,157.4
2019-04-12,,,28.75,158.0
2019-04-13,,,28.625,155.8
2019-04-14,,,28.875,157.2
2019-04-15,,,28.875,157.8
2019-04-16,,,28.875,157.6
2019-04-17,,,28.875,159.4
2019-04-19,,,29.5,
2019-04-20,,,29.75,
2019-04-23,,,29.375,
2019-04-24,,,29.5,
2019-04-26,,,29.25,159.0
2019-04-27,,,29.5,158.6
2019-04-28,,,29.375,159.0
2019-04-29,,,29.375,159.2
2019-04-30,,,29.25,159.2
2019-05-01,,,29.5,159.4
2019-05-02,,,29.0,157.0
2019-05-03,,,29.125,158.8
2019-05-04,,,29.0,158.4
2019-05-05,,,29.375,158.6
2019-05-06,,,29.0,157.2
2019-05-07,,,29.25,157.2
2019-05-08,,,29.5,157.8
2019-05-09,,,29.125,157.8
2019-05-10,,,29.375,158.4
2019-05-11,,,28.75,156.0
2019-05-12,,,28.625,156.0
2019-05-13,,,28.75,156.2
2019-05-14,,,28.625,155.6
2019-05-15,,,28.875,157.2
2019-05-16,,,28.625,155.4
2019-05-17,,,28.75,156.2
2019-05-18,,,28.75,155.6
2019-05-19,,,28.75,155.2
2019-05-20,,,28.75,156.0
2019-05-21,,,28.625,155.4
2019-05-22,,,28.875,157.2
2019-05-23,,,29.125,156.6
2019-05-25,,,29.125,
2019-05-26,,,29.125,
2019-05-29,,,28.75,155.4
2019-05-30,,,28.875,156.2
2019-05-31,,,28.75,155.4
2019-06-01,,,28.875,155.6
2019-06-02,,,28.75,154.6
2019-06-03,,,28.75,155.4
2019-06-04,,,28.625,156.5
2019-06-05,,,28.625,156.0
2019-06-06,,,28.75,157.2
2019-06-07,,,28.875,157.8
2019-06-08,,,28.75,154.4
2019-06-09,,,28.625,156.0
2019-06-10,,,28.5,155.8
2019-06-11,,,28.875,157.2
2019-06-12,,,29.0,157.6
2019-06-13,,,29.0,159.0
2019-06-14,,,28.75,158.4
2019-06-15,,,28.875,157.8
2019-06-16,,,28.75,156.2
2019-06-17,,,29.125,158.0
2019-06-18,,,29.125,158.0
2019-06-19,,,29.0,157.2
2019-06-20,,,29.0,157.6
2019-06-21,,,28.875,157.2
2019-06-22,,,28.875,156.2
2019-06-23,,,28.875,156.8
2019-06-24,,,28.875,157.4
2019-06-25,,,28.875,
2019-06-26,,,28.75,157.4
2019-06-27,,,28.875,157.6
2019-06-28,,,29.0,157.4
2019-06-29,,,28.875,156.8
2019-06-30,,,28.875,157.4
2019-07-01,,,29.0,158.2
2019-07-02,,,28.875,156.8
2019-07-03,,,28.875,157.4
2019-07-04,,,29.125,158.2
2019-07-07,,,29.125,
2019-07-09,,,29.0,
2019-07-10,,,29.0,
2019-07-12,,,29.125,
2019-07-13,,,29.125,158.2
2019-07-14,,,28.875,157.2
2019-07-15,,,28.875,157.2
2019-07-16,,,29.0,157.2
2019-07-17,,,29.0,157.8
2019-07-18,,,,158.2
2019-07-19,,,29.25,158.6
2019-07-20,,,29.0,157.8
2019-07-21,,,29.0,158.8
2019-07-22,,,29.0,158.8
2019-07-23,,,29.0,160.2
2019-07-24,,,29.0,158.6
2019-07-25,,,,158.2
2019-07-26,,,,158.2
2019-07-27,,,29.0,158.8
2019-07-29,,,28.75,159.4
2019-07-30,,,29.0,160.2
2019-07-31,,,29.0,159.6
2019-08-01,,,29.25,160.8
2019-08-02,,,29.25,160.4
2019-08-03,,,29.0,159.8
2019-08-04,,,29.0,160.0
2019-08-05,,,28.875,158.6
2019-08-06,,,29.0,159.2
2019-08-07,,,29.25,160.8
2019-08-08,,,29.0,160.2
2019-08-09,,,29.375,162.6
2019-08-10,,,29.0,
2019-08-11,,,29.25,
2019-08-12,,,29.625,
2019-08-13,,,29.375,162.2
2019-08-14,,,29.0,159.8
2019-08-15,,,29.375,159.2
2019-08-16,,,29.25,
2019-08-18,,,29.625,
2019-08-19,,,29.125,161.2
2019-08-20,,,28.875,158.4
2019-08-21,,,29.125,158.0
2019-08-22,,,29.125,158.4
2019-08-23,,,29.375,159.4
2019-08-24,,,29.0,159.8
2019-08-25,,,29.0,158.8
2019-08-26,,,29.25,159.8
2019-08-27,,,29.25,159.4
2019-08-28,,,29.5,161.0
2019-08-29,,,29.125,159.6
2019-08-30,,,29.0,159.0
2019-08-31,,,29.25,159.6
2019-09-01,,,29.25,159.0
2019-09-03,,,29.0,159.0
2019-09-04,,,29.25,160.6
2019-09-05,,,29.0,160.8
2019-09-06,,,29.25,160.2
2019-09-07,,,29.375,161.2
2019-09-09,,,29.0,160.2
2019-09-10,,,29.25,160.8
2019-09-11,,,29.125,160.4
2019-09-12,,,29.375,162.0
2019-09-13,,,29.5,161.4
2019-09-14,,,28.75,159.0
2019-09-15,,,28.875,158.4
2019-09-16,,,29.125,159.4
2019-09-17,,,29.25,159.4
2019-09-18,,,29.0,159.4
2019-09-19,,,28.75,157.0
2019-09-20,,,28.625,158.0
2019-09-21,,,28.75,157.4
2019-09-22,,,28.75,156.4
2019-09-23,,,29.0,157.8
2019-09-24,,,29.0,157.8
2019-09-25,,,28.875,157.8
2019-09-26,,,28.875,159.2
2019-09-27,,,28.875,158.8
2019-09-28,,,29.0,159.2
2019-09-29,,,28.75,159.2
2019-09-30,,,29.125,161.2
2019-10-01,,,29.125,160.2
2019-10-02,,,29.25,161.0
2019-10-03,,,29.125,160.0
2019-10-04,,,29.375,162.0
2019-10-07,,,29.25,161.8
2019-10-09,,,29.5,163.4
2019-10-10,,,29.25,163.2
2019-10-11,,,29.375,162.2
2019-10-12,,,29.0,160.4
2019-10-13,,,,161.0
2019-10-14,,,28.875,160.2
2019-10-15,,,29.0,160.2
2019-10-16,,,29.125,161.2
2019-10-17,,,,160.4
2019-10-21,,,,160.2
2019-10-22,,,,160.4
2019-10-23,,,29.75,162.2
2019-10-24,,,29.375,161.6
2019-10-25,,,29.5,161.4
2019-10-26,,,29.125,159.8
2019-10-28,,,29.25,159.8
2019-10-30,,,29.5,161.4
2019-10-31,,,29.375,161.4
2019-11-01,,,29.5,161.8
2019-11-02,,,29.5,161.0
2019-11-03,,,29.5,161.4
2019-11-04,,,29.5,162.8
2019-11-05,,,29.625,164.4
2019-11-06,,,29.75,163.4
2019-11-07,,,29.625,162.4
2019-11-08,,,29.625,
2019-11-09,,,29.375,
2019-11-10,,,29.375,
2019-11-11,,,29.75,162.2
2019-11-12,,,29.625,162.2
2019-11-13,,,29.375,160.8
2019-11-14,,,29.125,160.6
2019-11-15,,,29.0,159.0
2019-11-16,,,29.375,160.2
2019-11-19,,,29.125,160.2
2019-11-20,,,29.25,161.0
2019-11-21,,,,161.2
2019-11-22,,,29.0,159.8
2019-11-23,,,29.125,159.8
2019-11-24,,,29.0,159.0
2019-11-25,,,29.0,159.6
2019-11-27,,,29.25,160.2
2019-11-29,,,29.25,
2019-12-03,,,29.875,
2019-12-04,,,29.375,162.2
2019-12-05,,,29.375,159.4
2019-12-07,,,29.5,160.2
2019-12-08,,,29.25,159.4
2019-12-09,,,29.125,160.0
2019-12-10,,,29.125,158.8
2019-12-11,,,29.125,159.0
2019-12-12,,,29.125,159.8
2019-12-14,,,29.5,
2019-12-16,,,29.625,163.8
2019-12-17,,,29.25,161.0
2019-12-19,,,29.125,159.6
2019-12-20,,,29.125,160.2
2019-12-21,,,29.125,159.6
2019-12-23,,,29.5,
2019-12-25,,,29.75,
2019-12-27,,,29.5,
2019-12-28,,,29.375,
2019-12-30,,,29.375,
2019-12-31,,,29.125,160.2
2020-01-01,,,29.125,160.0
2020-01-02,,,29.125,160.8
2020-01-03,,,29.125,159.8
2020-01-04,,,29.125,160.2
2020-01-05,,,29.0,159.6
2020-01-06,,,29.0,160.2
2020-01-07,,,29.125,161.6
2020-01-08,,,29.125,161.2
2020-01-09,,,29.25,160.6
2020-01-10,,,29.25,162.4
2020-01-11,,,29.25,160.6
2020-01-12,,,29.125,160.0
2020-01-13,,,29.125,159.6
2020-01-14,,,29.25,160.6
2020-01-15,,,29.25,161.2
2020-01-16,,,29.125,160.6
2020-01-17,,,,160.6
2020-01-20,,,29.5,
2020-01-21,,,29.5,
2020-01-23,,,29.625,
2020-01-28,,,29.75,
2020-01-30,,,29.625,
2020-02-03,,,29.5,
2020-02-04,,,29.125,159.4
2020-02-05,,,29.125,159.2
2020-02-06,,,29.125,158.4
2020-02-07,,,29.25,159.8
2020-02-08,,,29.0,158.6
2020-02-09,,,29.125,159.4
2020-02-10,,,29.25,160.6
2020-02-11,,,29.125,159.6
2020-02-12,,,29.25,160.4
2020-02-13,,,29.25,161.6
2020-02-14,,,29.25,159.6
2020-02-15,,,29.125,158.6
2020-02-16,,,29.125,159.0
2020-02-17,,,29.125,159.0
2020-02-18,,,29.125,159.6
2020-02-19,,,29.125,159.2
2020-02-20,,,29.125,158.6
2020-02-21,,,29.375,161.2
2020-02-22,,,29.125,159.2
2020-02-23,,,28.875,157.4
2020-02-24,,,29.125,158.6
2020-02-25,,,29.375,162.2
2020-02-26,,,29.375,160.8
2020-02-27,,,29.375,159.6
2020-02-28,,,29.25,158.0
2020-02-29,,,29.0,157.4
2020-03-01,,,29.25,158.4
2020-03-02,,,29.375,158.8
2020-03-03,,,29.375,159.0
2020-03-04,,,29.125,159.0
2020-03-05,,,,159.4
2020-03-06,,,29.25,159.2
2020-03-07,,,29.375,160.6
2020-03-09,,,29.5,160.6
2020-03-10,,,29.5,160.4
2020-03-11,,,29.5,160.2
2020-03-12,,,29.25,159.8
2020-03-13,,,29.375,159.8
2020-03-14,,,29.125,159.0
2020-03-15,,,29.5,160.4
2020-03-16,,,29.5,160.0
2020-03-17,,,29.25,158.6
2020-03-18,,,29.25,160.0
2020-03-19,,,29.375,159.6
2020-03-20,,,29.5,159.4
2020-03-21,,,29.375,159.8
2020-03-22,,,29.25,159.8
2020-03-23,,,29.375,160.0
2020-03-24,,,29.375,159.2
2020-03-25,,,29.5,159.8
2020-03-26,,,29.375,159.8
2020-03-27,,,29.625,161.2
2020-03-28,,,29.5,159.2
2020-03-29,,,29.5,160.0
2020-03-30,,,29.5,160.2
2020-03-31,,,29.5,159.8
2020-04-01,,,29.375,159.2
2020-04-02,,,29.5,160.0
2020-04-03,,,29.5,158.8
2020-04-04,,,29.5,159.4
2020-04-05,,,29.5,159.6
2020-04-06,,,29.75,161.4
2020-04-07,,,29.875,162.0
2020-04-08,,,29.875,161.8
2020-04-09,,,29.875,160.8
2020-04-10,,,29.875,161.4
2020-04-11,,,30.0,162.0
2020-04-12,,,29.625,160.8
2020-04-13,,,29.875,161.2
2020-04-14,,,29.625,161.8
2020-04-15,,,30.0,161.6
2020-04-16,,,30.0,161.6
2020-04-17,,,30.0,161.4
2020-04-18,,,30.0,161.4
2020-04-19,,,29.875,160.6
2020-04-20,,,29.75,160.0
2020-04-21,,,29.625,159.0
2020-04-22,,,29.625,158.4
2020-04-23,,,29.5,157.8
2020-04-24,,,29.375,158.8
2020-04-25,,,29.375,157.6
2020-04-26,,,29.25,158.0
2020-04-27,,,29.5,158.8
2020-04-28,,,29.375,158.4
2020-04-29,,,29.5,158.8
2020-04-30,,,29.375,158.4
2020-05-01,,,29.375,158.6
2020-05-02,,,29.5,159.4
2020-05-03,,,29.125,158.2
2020-05-04,,,29.375,159.2
2020-05-05,,,29.5,159.2
2020-05-06,,,29.5,158.2
2020-05-07,,,29.5,158.6
2020-05-08,,,29.375,158.8
2020-05-09,,,29.5,158.0
2020-05-10,,,29.75,160.4
2020-05-11,,,29.625,160.4
2020-05-12,,,29.75,161.2
2020-05-13,,,29.75,160.4
2020-05-14,,,29.75,160.4
2020-05-15,,,29.75,160.6
2020-05-16,,,29.5,159.8
2020-05-17,,,29.625,161.2
2020-05-18,,,29.75,161.2
2020-05-19,,,29.75,161.6
2020-05-20,,,29.625,160.2
2020-05-21,,,29.875,161.6
2020-05-22,,,29.375,160.0
2020-05-23,,,29.625,160.8
2020-05-24,,,29.375,158.2
2020-05-25,,,29.375,158.2
2020-05-26,,,29.375,158.4
2020-05-27,,,29.5,159.6
2020-05-28,,,29.5,158.4
2020-05-29,,,29.125,158.0
2020-05-30,,,29.125,158.0
2020-05-31,,,29.125,158.2
2020-06-01,,,29.375,159.4
2020-06-02,,,29.25,159.0
2020-06-03,,,29.25,158.2
2020-06-04,,,29.0,156.8
2020-06-06,,,29.125,159.2
2020-06-07,,,29.25,158.2
2020-06-08,,,29.125,158.0
2020-06-09,,,,159.6
2020-06-10,,,29.375,159.4
2020-06-11,,,29.125,159.0
2020-06-12,,,29.25,157.8
2020-06-13,,,29.25,158.8
2020-06-14,,,29.375,159.0
2020-06-15,,,29.5,160.2
2020-06-16,,,29.125,160.0
2020-06-17,,,29.125,159.2
2020-06-18,,,29.125,159.0
2020-06-19,,,29.125,159.2
2020-06-20,,,29.125,157.8
2020-06-21,,,29.25,159.0
2020-06-22,,,29.25,159.0
2020-06-23,,,29.125,159.2
2020-06-24,,,29.125,159.2
2020-06-25,,,29.375,159.0
2020-06-26,,,29.5,159.2
2020-06-27,,,29.25,
2020-06-29,,,29.625,
2020-07-01,,,29.25,
2020-07-05,,,29.125,158.6
2020-07-06,,,29.125,158.2
2020-07-07,,,29.125,158.0
2020-07-08,,,29.125,158.4
2020-07-09,,,29.125,160.2
2020-07-10,,,29.125,159.2
2020-07-11,,,29.125,158.8
2020-07-13,,,29.25,160.2
2020-07-14,,,29.25,160.6
2020-07-16,,,29.375,160.8
2020-07-17,,,29.375,160.8
2020-07-19,,,29.25,161.4
2020-07-20,,,29.25,161.6
2020-07-21,,,29.0,160.0
2020-07-22,,,29.375,161.4
2020-07-23,,,29.25,160.0
2020-07-24,,,29.375,159.8
2020-07-27,,,29.0,158.0
2020-07-28,,,29.125,158.2
2020-07-29,,,29.0,157.8
2020-07-30,,,29.0,158.2
2020-07-31,,,29.0,157.6
2020-08-01,,,28.875,156.4
2020-08-02,,,28.875,156.0
2020-08-03,,,28.875,155.8
2020-08-04,,,28.875,156.0
2020-08-05,,,28.625,155.6
2020-08-06,,,28.75,155.6
2020-08-07,,,,155.0
2020-08-08,,,28.75,154.2
2020-08-09,,,28.75,155.0
2020-08-10,,,28.75,155.0
2020-08-12,,,28.75,155.8
2020-08-13,,,28.75,155.2
2020-08-14,,,28.875,155.8
2020-08-15,,,28.75,155.2
2020-08-17,,,28.75,156.4
2020-08-19,,,28.75,155.8
2020-08-21,,,28.875,157.6
2020-08-22,,,28.75,155.2
2020-08-25,,,29.0,157.6
2020-08-27,,,28.75,156.4
2020-08-28,,,28.875,158.2
2020-08-29,,,28.875,159.8
2020-08-31,,,,158.2
2020-09-01,,,28.875,
2020-09-02,,,29.0,158.2
2020-09-03,,,29.0,159.0
2020-09-06,,,29.0,158.4
2020-09-08,,,29.0,159.8
2020-09-10,,,29.0,159.0
2020-09-12,,,28.75,158.2
2020-09-15,,,28.875,159.0
2020-09-19,,,29.0,160.8
2020-09-21,,,29.125,160.6
2020-09-22,,,29.0,160.0
2020-09-23,,,29.0,158.6
2020-09-24,,,29.0,158.4
2020-09-27,,,28.875,158.4
2020-09-28,,,28.75,157.4
2020-09-29,,,28.75,157.0
2020-10-01,,,29.125,158.8
2020-10-02,,,28.875,158.0
2020-10-03,,,28.875,158.4
2020-10-04,,,,159.8
2020-10-05,,,29.0,159.8
2020-10-07,,,29.0,159.6
2020-10-08,,,,159.6
2020-10-10,,,28.875,160.0
2020-10-12,,,29.125,162.8
2020-10-13,,,29.125,161.8
2020-10-14,,,29.0,161.2
2020-10-15,,,29.125,161.6
2020-10-16,,,29.125,161.2
2020-10-19,,,29.5,163.0
2020-10-20,,,29.125,160.3
2020-10-21,,,29.25,161.4
2020-10-22,,,29.125,159.4
2020-10-24,,,29.25,162.0
2020-10-25,,,29.0,160.0
2020-10-27,,,29.0,159.0
2020-10-28,,,29.0,160.8
2020-10-29,,,29.0,161.2
2020-10-30,,,29.0,160.2
2020-10-31,,,29.0,160.6
2020-11-01,,,29.125,161.2
2020-11-03,,,29.125,161.4
2020-11-04,,,29.125,162.0
2020-11-05,,,29.0,161.2
2020-11-06,,,29.125,163.2
2020-11-07,,,29.0,161.0
2020-11-08,,,29.0,161.0
2020-11-09,,,29.125,161.9
2020-11-10,,,29.125,162.2
2020-11-11,,,29.125,162.2
2020-11-13,,,29.25,162.2
2020-11-14,,,29.25,161.4
2020-11-18,,,29.0,160.2
2020-11-19,,,29.0,162.2
2020-11-20,,,,162.4
2020-11-21,,,29.125,161.2
2020-11-22,,,29.25,162.4
2020-11-27,,,29.125,162.2
2020-12-03,,,,160.6
2020-12-04,,,29.0,160.6
2020-12-05,,,29.125,162.6
2020-12-10,,,29.25,162.0
2020-12-11,,,29.125,161.4
2020-12-12,,,29.25,162.8
2020-12-14,,,29.125,160.8
2020-12-16,,,29.25,160.6
2020-12-17,,,29.0,161.2
2020-12-19,,,29.25,161.8
2020-12-20,,,29.125,161.0
2020-12-23,,,29.625,
2020-12-24,,,29.25,
2020-12-26,,,29.625,
2020-12-27,,,29.25,
2020-12-28,,,29.125,
2020-12-30,,,29.25,
2020-12-31,,,29.25,
2021-01-06,,,29.0,159.2
2021-01-09,,,28.875,159.2
2021-01-10,,,29.0,160.0
2021-01-11,,,,158.8
2021-01-12,,,29.0,159.6
2021-01-13,,,29.125,160.0
2021-01-14,,,29.125,159.6
2021-01-15,,,29.125,160.0
2021-01-16,,,29.25,160.6
2021-01-17,,,29.0,159.8
2021-01-20,,,29.25,162.0
2021-01-21,,,29.5,162.0
2021-01-23,,,29.125,161.6
2021-01-24,,,29.25,162.2
2021-01-30,,,29.375,162.6
2021-02-01,,,29.375,162.0
2021-02-02,,,29.375,163.6
2021-02-03,,,29.5,164.2
2021-02-05,,,29.5,162.6
2021-02-06,,,29.5,163.0
2021-02-07,,,29.5,162.6
2021-02-08,,,29.5,162.6
2021-02-10,,,29.25,160.4
2021-02-11,,,29.25,160.2
2021-02-12,,,29.25,160.0
2021-02-13,,,29.25,161.4
2021-02-14,,,,163.4
2021-02-15,,,,160.6
2021-02-16,,,,160.0
2021-02-17,,,29.5,160.8
2021-02-19,,,29.625,161.6
2021-02-20,,,29.5,162.4
2021-02-21,,,29.5,162.2
2021-02-22,,,29.0,159.6
2021-02-23,,,29.25,161.0
2021-03-01,,,29.375,161.2
2021-03-05,,,29.625,163.0
2021-03-09,,,29.5,162.6
2021-03-10,,,29.625,163.6
2021-03-11,,,29.5,162.4
2021-03-12,,,29.375,161.8
2021-03-13,,,29.625,162.8
2021-03-14,,,29.625,163.2
2021-03-16,,,29.25,161.4
2021-03-18,,,29.5,162.0
2021-03-21,,,29.5,164.4
2021-03-22,,,29.625,163.0
2021-03-26,,,29.625,163.6
2021-03-27,,,29.5,165.6
2021-03-28,,,29.5,162.8
2021-03-29,,,29.375,162.6
2021-03-30,,,29.375,162.2
2021-03-31,,,29.5,162.2
2021-04-01,,,29.375,162.4
2021-04-04,,,29.5,163.2
2021-04-05,,,29.5,163.6
2021-04-08,,,29.625,163.4
2021-04-11,,,,164.4
2021-04-12,,,,163.8
2021-04-14,,,29.625,164.2
2021-04-15,,,29.625,164.6
2021-04-16,,,29.625,164.0
2021-04-17,,,29.375,163.2
2021-04-19,,,29.375,163.2
2021-04-20,,,29.5,162.6
2021-04-21,,,29.375,162.2
2021-04-22,,,29.5,162.2
2021-04-23,,,29.375,161.8
2021-04-24,,,29.625,165.4
2021-04-26,,,29.75,163.0
2021-04-27,,,29.625,162.6
2021-04-28,,,29.375,161.2
2021-04-29,,,,162.6
2021-04-30,,,29.625,163.8
2021-05-01,,,29.625,163.8
2021-05-02,,,29.375,162.6
2021-05-03,,,29.75,163.8
2021-05-04,,,,164.8
2021-05-05,,,29.75,164.8
2021-05-06,,,29.875,164.0
2021-05-07,,,,164.0
2021-05-09,,,29.875,163.8
2021-05-10,,,29.5,163.4
2021-05-11,,,29.5,162.4
2021-05-12,,,29.5,162.4
2021-05-13,,,29.625,162.6
2021-05-14,,,29.625,162.8
2021-05-16,,,29.875,165.2
2021-05-17,,,29.75,165.0
2021-05-19,,,29.625,162.8
2021-05-20,,,,163.6
2021-05-21,,,29.625,164.0
2021-05-22,,,,164.0
2021-05-23,,,29.5,163.0
2021-05-25,,,29.625,164.0
2021-05-26,,,29.625,162.8
2021-05-27,,,29.625,163.2
2021-05-28,,,29.875,164.6
2021-05-29,,,29.625,165.0
2021-05-31,,,29.625,163.8
2021-06-01,,,29.625,163.6
2021-06-02,,,29.625,162.8
2021-06-03,,,29.625,161.6
2021-06-04,,,29.625,162.8
2021-06-06,,,29.625,164.2
2021-06-07,,,29.75,164.6
2021-06-08,,,,164.2
2021-06-09,,,29.375,162.2
2021-06-10,,,29.5,162.8
2021-06-11,,,29.625,162.6
2021-06-13,,,,164.0
2021-06-14,,,,163.4
2021-06-16,,,29.625,164.2
2021-06-18,,,,164.4
2021-06-20,,,29.625,164.8
2021-06-22,,,,163.6
2021-06-23,,,29.75,163.8
2021-06-24,,,29.75,163.6
2021-06-25,,,29.625,162.6
2021-06-26,,,29.75,164.2
2021-06-27,,,29.75,164.2
2021-06-28,,,30.0,166.0
2021-06-29,,,30.0,165.0
2021-06-30,,,29.75,164.0
2021-07-01,,,,163.6
2021-07-03,,,29.875,164.4
2021-07-04,,,29.75,164.6
2021-07-05,,,29.75,164.2
2021-07-06,,,,161.8
2021-07-08,,,29.625,162.2
2021-07-09,,,29.625,162.0
2021-07-10,,,29.625,163.8
2021-07-13,,,29.75,164.2
2021-07-15,,,29.625,163.6
2021-07-16,,,29.75,164.2
2021-07-17,,,29.375,162.4
2021-07-18,,,29.75,166.6
2021-07-20,,,29.625,165.0
2021-07-22,,,,165.2
2021-07-26,,,29.5,162.6
2021-07-27,,,29.5,163.4
2021-07-28,,,29.375,163.0
2021-08-02,,,29.625,165.2
2021-08-03,,,,164.2
2021-08-04,,,29.625,164.2
2021-08-06,,,29.625,165.0
2021-08-09,,,29.75,166.0
2021-08-10,,,29.75,164.6
2021-08-12,,,29.875,165.6
2021-08-14,,,29.75,164.4
2021-08-15,,,29.75,163.0
2021-08-16,,,30.0,165.2
2021-08-17,,,29.875,164.6
2021-08-18,,,29.875,164.0
2021-08-19,,,29.875,164.6
2021-08-21,,,29.875,164.0
2021-08-23,,,29.625,161.2
2021-08-24,,,29.75,163.8
2021-08-25,,,,165.8
2021-08-27,,,29.625,163.0
2021-08-29,,,29.375,163.2
2021-09-01,,,29.625,164.6
2021-09-02,,,29.625,163.8
2021-09-03,,,29.375,164.4
2021-09-04,,,29.625,164.0
2021-09-05,,,29.375,162.6
2021-09-06,,,29.375,164.8
2021-09-07,,,29.375,164.0
2021-09-08,,,29.375,164.0
2021-09-09,,,29.5,163.2
2021-09-10,,,29.75,164.8
2021-09-13,,,29.375,162.8
2021-09-14,,,29.5,162.8
2021-09-15,,,29.0,160.4
2021-09-16,,,29.375,162.0
2021-09-19,,,29.625,163.8
2021-09-21,,,29.0,161.8
2021-09-22,,,29.75,165.6
2021-09-24,,,29.25,
2021-09-25,,,29.25,
2021-09-27,,,29.5,166.2
2021-09-28,,,29.0,162.0
2021-09-29,,,,163.1
2021-10-04,,,29.625,
2021-10-08,,,29.375,162.8
2021-10-10,,,29.25,160.4
2021-10-11,,,29.375,161.0
2021-10-12,,,29.375,162.8
2021-10-13,,,,165.4
2021-10-14,,,29.25,161.8
2021-10-16,,,29.5,163.6
2021-10-18,,,29.25,161.0
2021-10-22,,,29.25,160.8
2021-10-23,,,29.5,163.8
2021-10-24,,,29.625,165.2
2021-10-26,,,29.625,165.0
2021-10-27,,,29.375,164.0
2021-10-28,,,29.625,165.2
2021-10-29,,,29.5,166.2
2021-11-01,,,29.625,166.0
2021-11-03,,,29.75,165.2
2021-11-05,,,29.625,164.6
2021-11-07,,,29.75,166.2
2021-11-09,,,29.625,165.0
2021-11-10,,,29.625,165.6
2021-11-11,,,29.625,165.2
2021-11-12,,,29.625,164.8
2021-11-13,,,29.75,166.2
2021-11-15,,,29.375,164.6
2021-11-16,,,29.75,166.2
2021-11-17,,,,165.0
2021-11-18,,,29.5,163.8
2021-11-20,,,29.5,164.6
2021-11-26,,,29.625,165.2
2021-11-27,,,29.75,164.2
2021-11-28,,,29.5,164.0
2021-12-05,,,29.5,166.0
2021-12-06,,,29.625,165.8
2021-12-07,,,29.75,166.8
2021-12-08,,,29.75,168.0
2021-12-09,,,29.75,167.2
2021-12-10,,,,167.2
2021-12-13,,,29.75,165.8
2021-12-15,,,29.625,166.0
2021-12-16,,,29.5,164.4
2021-12-18,,,29.5,165.0
2021-12-20,,,29.75,166.2
2021-12-21,,,29.625,166.0
2021-12-22,,,29.375,165.8
2021-12-25,,,29.75,
2021-12-26,,,29.375,164.0
2021-12-30,,,29.5,164.8
2021-12-31,,,29.375,163.2
2022-01-01,,,29.0,159.8
2022-01-02,,,29.375,162.8
2022-01-05,,,29.5,165.2
2022-01-06,,,29.875,167.0
2022-01-07,,,29.75,166.0
2022-01-08,,,29.875,168.0
2022-01-09,,,29.75,166.8
2022-01-10,,,29.875,167.2
2022-01-11,,,29.75,167.8
2022-01-12,,,29.875,168.0
2022-01-13,,,,169.0
2022-01-14,,,29.875,166.6
2022-01-16,,,,166.6
2022-01-17,,,29.625,165.8
2022-01-18,,,29.75,166.2
2022-01-19,,,29.875,165.2
2022-01-21,,,29.625,164.8
2022-01-23,,,29.75,164.6
2022-01-24,,,,165.2
2022-01-25,,,29.625,164.8
2022-01-26,,,29.75,166.4
2022-01-27,,,29.75,166.2
2022-01-28,,,29.75,166.2
2022-01-29,,,29.875,167.2
2022-01-30,,,29.875,168.2
2022-01-31,,,30.125,167.2
2022-02-01,,,,165.2
2022-02-03,,,30.125,168.2
2022-02-04,,,29.875,168.2
2022-02-05,,,29.875,165.8
2022-02-06,,,29.75,167.0
2022-02-07,,,30.0,168.2
2022-02-09,,,30.0,167.6
2022-02-14,,,30.0,168.0
2022-02-15,,,30.125,167.8
2022-02-17,,,30.125,168.2
2022-02-18,,,29.75,165.8
2022-02-19,,,29.75,165.6
2022-02-21,,,,168.0
2022-02-22,,,29.875,166.6
2022-02-23,,,29.875,168.2
2022-02-27,,,29.875,167.6
2022-02-28,,,29.875,168.4
2022-03-01,,,29.875,168.2
2022-03-03,,,29.625,166.0
2022-03-04,,,29.75,166.2
2022-03-05,,,29.875,166.8
2022-03-06,,,30.0,166.8
2022-03-08,,,30.125,169.0
2022-03-09,,,30.125,167.8
2022-03-10,,,29.875,167.2
2022-03-12,,,29.75,167.0
2022-03-14,,,29.75,166.8
2022-03-15,,,29.875,166.4
2022-03-16,,,,165.2
2022-03-18,,,29.625,166.0
2022-03-23,,,29.625,164.2
2022-03-24,,,29.625,165.0
2022-03-25,,,29.75,164.8
2022-04-04,,,29.875,164.6
2022-04-05,,,29.75,164.4
2022-04-06,,,,164.6
2022-04-07,,,30.0,164.8
2022-04-08,,,29.625,163.2
2022-04-10,,,29.75,165.0
2022-04-11,,,30.125,166.0
2022-04-12,,,29.5,163.6
2022-04-13,,,29.625,163.6
2022-04-14,,,29.375,163.2
2022-04-15,,,29.5,161.0
2022-04-16,,,29.625,164.0
2022-04-17,,,29.375,162.6
2022-04-18,,,29.5,163.2
2022-04-19,,,29.5,164.6
2022-04-20,,,,166.2
2022-04-21,,,30.0,166.4
2022-04-22,,,29.625,165.2
2022-04-23,,,29.625,164.6
2022-04-24,,,29.5,164.4
2022-04-25,,,29.625,164.2
2022-04-27,,,29.375,164.0
2022-04-28,,,29.5,164.4
2022-04-29,,,29.875,166.8
2022-05-02,,,29.875,166.8
2022-05-03,,,29.875,166.4
2022-05-04,,,29.75,166.0
2022-05-05,,,29.75,164.4
2022-05-06,,,29.75,166.0
2022-05-09,,,29.625,166.2
2022-05-10,,,29.75,165.6
2022-05-11,,,29.75,167.4
2022-05-13,,,29.875,167.0
2022-05-14,,,29.625,164.6
2022-05-15,,,29.875,166.2
2022-05-17,,,,166.4
2022-05-18,,,,166.4
2022-05-22,,,,166.4
2022-05-23,,,,164.6
2022-05-24,,,29.625,165.2
2022-05-25,,,29.75,167.0
2022-05-26,,,29.875,165.4
2022-05-27,,,29.875,165.0
2022-05-28,,,29.5,164.8
2022-05-30,,,29.875,167.4
2022-05-31,,,29.625,167.0
2022-06-01,,,29.75,166.8
2022-06-02,,,,166.2
2022-06-03,,,,166.0
2022-06-04,,,,166.0
2022-06-06,,,29.5,165.6
2022-06-07,,,29.75,166.4
2022-06-08,,,,166.6
2022-06-09,,,29.875,165.6
2022-06-11,,,,164.4
2022-06-14,,,,166.0
2022-06-15,,,,166.6
2022-06-16,,,29.75,167.2
2022-06-17,,,29.75,165.8
2022-06-19,,,29.75,167.4
2022-06-20,,,29.75,167.6
2022-06-21,,,29.875,168.0
2022-06-22,,,,167.0
2022-06-23,,,,167.6
2022-06-24,,,29.375,165.8
2022-06-28,,,29.875,167.4
2022-06-29,,,30.0,167.4
2022-06-30,,,29.875,165.8
2022-07-01,,,,164.8
2022-07-03,,,29.5,165.0
2022-07-04,,,29.5,165.6
2022-07-05,,,29.625,165.2
2022-07-06,,,29.5,163.0
2022-07-07,,,29.5,163.6
2022-07-08,,,29.625,164.2
2022-07-09,,,29.875,166.2
2022-07-10,,,29.875,167.8
2022-07-11,,,29.75,167.0
2022-07-12,,,29.625,165.8
2022-07-13,,,29.625,165.2
2022-07-14,,,29.75,165.2
2022-07-16,,,29.875,165.8
2022-07-17,,,29.375,163.2
2022-07-18,,,29.625,165.0
2022-07-19,,,29.625,165.0
2022-07-20,,,29.5,165.0
2022-07-22,,,29.5,165.0
2022-07-23,,,,165.4
2022-07-24,,,29.5,164.4
2022-07-25,,,29.625,163.4
2022-07-26,,,29.5,165.2
2022-07-27,,,29.5,164.4
2022-07-28,,,29.375,164.0
2022-07-29,,,29.5,163.8
2022-07-30,,,29.75,165.4
2022-08-03,,,29.5,163.0
2022-08-04,,,29.75,164.2
2022-08-05,,,29.5,163.2
2022-08-06,,,29.125,162.6
2022-08-08,,,29.75,168.6
2022-08-09,,,,167.0
2022-08-11,,,,164.4
2022-08-12,,,29.75,164.4
2022-08-15,,,29.5,161.8
2022-08-16,,,29.5,162.0
2022-08-17,,,29.5,164.0
2022-08-20,,,29.5,163.4
2022-08-23,,,29.5,164.6
2022-08-24,,,29.75,164.8
2022-08-25,,,29.5,163.6
2022-08-26,,,29.625,164.0
2022-08-27,,,29.875,163.2
2022-08-28,,,,162.8
2022-08-29,,,29.625,164.0
2022-08-30,,,29.5,163.2
2022-08-31,,,29.875,165.2
2022-09-02,,,29.625,164.4
2022-09-05,,,29.5,163.4
2022-09-06,,,29.625,164.8
2022-09-07,,,29.625,164.2
2022-09-08,,,29.875,165.0
2022-09-09,,,29.375,162.8
2022-09-12,,,29.75,164.6
2022-09-13,,,,165.8
2022-09-14,,,29.75,164.8
2022-09-15,,,29.75,164.6
2022-09-20,,,,163.6
2022-09-21,,,29.5,162.2
2022-09-22,,,29.5,162.2
2022-09-26,,,29.5,165.2
2022-09-29,,,29.125,162.0
2022-09-30,,,29.375,162.0
2022-10-04,,,29.625,165.0
2022-10-05,,,29.375,163.2
2022-10-06,,,29.375,163.6
2022-10-07,,,29.375,164.4
2022-10-08,,,,163.6
2022-10-09,,,29.375,163.6
2022-10-10,,,29.25,165.0
2022-10-17,,,29.5,164.6
2022-10-18,,,,167.2
2022-10-21,,,29.5,163.8
2022-10-22,,,,164.4
2022-10-24,,,29.375,163.0
2022-10-29,,,29.625,163.8
2022-11-05,,,,164.4
2022-11-06,,,29.375,163.2
2022-11-10,,,29.625,
2022-11-22,,,29.625,164.4
2022-11-23,,,29.375,161.8
2022-11-24,,,,163.2
2022-11-25,,,,164.2
2022-11-27,,,29.5,164.8
2022-11-29,,,30.0,167.4
2022-12-01,,,29.875,165.2
2022-12-02,,,29.875,164.8
2022-12-03,,,,164.2
2022-12-04,,,29.75,163.0
2022-12-05,,,29.75,164.4
2022-12-06,,,,164.2
2022-12-07,,,29.75,164.0
2022-12-09,,,29.25,161.6
2022-12-10,,,,164.2
2022-12-11,,,29.625,164.6
2022-12-12,,,29.625,164.4
2022-12-13,,,,164.4
2022-12-14,,,29.625,162.8
2022-12-15,,,29.5,163.6
2022-12-17,,,,162.8
2022-12-18,,,29.75,165.0
2022-12-19,,,,162.4
2022-12-20,,,29.75,164.2
2022-12-21,,,,163.8
2022-12-22,,,,163.0
2022-12-24,,,29.375,162.2
2022-12-26,,,29.375,162.6
2022-12-27,,,,162.4
2022-12-28,,,29.375,161.4
2022-12-29,,,29.375,163.0
2022-12-30,,,,162.6
2023-01-01,,,,163.8
2023-01-02,,,29.125,162.2
2023-01-03,,,29.375,164.2
2023-01-04,,,29.25,164.4
2023-01-05,,,29.375,164.6
2023-01-06,,,29.375,162.2
2023-01-07,,,29.625,164.6
2023-01-08,,,29.5,164.4
2023-01-09,,,29.375,163.2
2023-01-10,,,,162.2
2023-01-11,,,29.375,163.4
2023-01-12,,,29.25,162.4
2023-01-13,,,29.375,161.6
2023-01-15,,,29.375,162.8
2023-01-17,,,29.375,162.4
2023-01-18,,,29.375,160.8
2023-01-20,,,29.5,162.4
2023-01-21,,,29.25,161.2
2023-01-22,,,29.0,160.0
2023-01-23,,,29.625,163.4
2023-01-24,,,29.125,160.8
2023-01-25,,,29.375,162.6
2023-01-26,,,29.375,162.0
2023-01-27,,,29.375,162.2
2023-01-28,,,29.375,163.4
2023-01-29,,,29.375,163.6
2023-01-30,,,29.375,164.2
2023-01-31,,,29.375,163.2
2023-02-01,,,29.375,161.6
2023-02-03,,,29.5,162.6
2023-02-05,,,29.5,162.6
2023-02-06,,,29.5,161.4
2023-02-07,,,29.625,162.4
2023-02-08,,,29.125,161.2
2023-02-09,,,,160.0
2023-02-10,,,29.25,160.8
2023-02-12,,,29.625,163.4
2023-02-14,,,29.625,161.8
2023-02-15,,,29.5,162.8
2023-02-16,,,29.75,162.8
2023-02-19,,,29.5,161.8
2023-02-20,,,29.5,162.4
2023-02-21,,,,161.6
2023-02-22,,,,163.0
2023-02-23,,,,162.0
2023-02-24,,,,161.0
2023-02-26,,,29.25,160.8
2023-02-27,,,29.25,161.8
2023-02-28,,,,160.2
2023-03-01,,,,159.8
2023-03-05,,,29.5,161.8
2023-03-06,,,29.5,161.6
2023-03-07,,,,160.4
2023-03-08,,,29.375,159.2
2023-03-09,,,29.25,158.8
2023-03-10,,,28.875,156.2
2023-03-12,,,,159.2
2023-03-13,,,29.5,161.2
2023-03-14,,,29.25,159.8
2023-03-15,,,29.25,160.0
2023-03-16,,,29.375,159.6
2023-03-17,,,29.25,158.4
2023-03-18,,,29.125,158.6
2023-03-19,,,29.25,160.2
2023-03-20,,,29.25,160.2
2023-03-21,,,29.25,159.2
2023-03-22,,,29.125,159.4
2023-03-23,,,,162.4
2023-03-24,,,29.5,160.2
2023-03-25,,,29.125,159.2
2023-03-27,,,29.375,160.4
2023-03-28,,,29.25,160.0
2023-03-30,,,,161.4
2023-03-31,,,29.25,159.2
2023-04-01,,,29.0,159.6
2023-04-02,,,29.0,159.2
2023-04-03,,,29.0,160.2
2023-04-04,,,29.375,160.6
2023-04-05,,,29.25,160.8
2023-04-06,,,29.25,160.4
2023-04-07,,,29.0,158.4
2023-04-08,,,,159.8
2023-04-09,,,,160.8
2023-04-10,,,29.5,161.6
2023-04-11,,,29.25,159.0
2023-04-12,,,29.25,159.4
2023-04-13,,,,161.2
2023-04-14,,,29.125,159.4
2023-04-15,,,29.375,159.2
2023-04-16,,,,160.1
2023-04-17,,,29.375,160.6
2023-04-18,,,29.5,161.4
2023-04-19,,,,161.4
2023-04-20,,,29.125,159.6
2023-04-21,,,,160.2
2023-04-22,,,29.125,157.8
2023-04-23,,,,160.0
2023-04-24,,,29.25,159.8
2023-04-26,,,29.5,161.6
2023-04-27,,,29.5,161.0
2023-04-28,,,29.625,160.4
2023-04-29,,,,161.0
2023-04-30,,,28.875,158.0
2023-05-02,,,29.625,162.4
2023-05-03,,,29.75,162.2
2023-05-04,,,29.5,161.0
2023-05-05,,,29.5,158.6
2023-05-06,,,29.625,162.0
2023-05-07,,,29.75,162.4
2023-05-08,,,29.625,162.2
2023-05-09,,,,162.0
2023-05-10,,,29.75,163.6
2023-05-12,,,,162.0
2023-05-13,,,29.5,161.8
2023-05-14,,,29.625,162.6
2023-05-15,,,,162.0
2023-05-16,,,29.5,163.6
2023-05-17,,,29.5,161.6
2023-05-18,,,29.5,161.6
2023-05-19,,,29.625,162.4
2023-05-23,,,29.75,164.0
2023-05-25,,,29.75,164.4
2023-05-26,,,29.875,162.2
2023-05-29,,,29.625,163.8
2023-05-30,,,29.75,163.0
2023-05-31,,,29.75,163.4
2023-06-01,,,,164.0
2023-06-04,,,,162.8
2023-06-05,,,,164.0
2023-06-06,,,29.75,164.8
2023-06-09,,,29.75,164.8
2023-06-12,,,,166.4
2023-06-13,,,29.75,164.0
2023-06-14,,,29.625,162.4
2023-06-15,,,29.625,162.2
2023-06-16,,,29.625,162.6
2023-06-17,,,29.25,161.6
2023-06-19,,,29.75,165.2
2023-06-20,,,29.75,164.2
2023-06-21,,,29.625,163.4
2023-06-22,,,29.625,164.2
2023-06-23,,,29.375,163.0
2023-06-26,,,29.75,166.2
2023-06-27,,,29.625,163.8
2023-06-28,,,29.75,165.2
2023-06-29,,,29.5,163.8
2023-06-30,,,29.5,162.2
2023-07-01,,,29.75,163.8
2023-07-02,,,29.5,162.6
2023-07-03,,,29.875,165.0
2023-07-05,,,29.875,165.8
2023-07-06,,,29.75,164.0
2023-07-07,,,29.625,163.2
2023-07-08,,,29.625,163.2
2023-07-09,,,29.75,165.0
2023-07-10,,,,165.6
2023-07-11,,,,163.2
2023-07-13,,,,163.0
2023-07-17,,,,164.2
2023-07-19,,,,165.0
2023-07-20,,,,165.2
2023-07-21,,,29.5,162.8
2023-07-22,,,29.5,163.2
2023-07-23,,,29.375,161.8
2023-07-24,,,29.75,164.6
2023-07-25,,,,164.8
2023-07-26,,,,164.8
2023-07-31,,,30.0,164.8
2023-08-02,,,29.625,162.8
2023-08-03,,,29.75,165.2
2023-08-05,,,,164.4
2023-08-06,,,29.75,163.6
2023-08-07,,,,164.4
2023-08-08,,,29.875,164.4
2023-08-09,,,29.625,162.6
2023-08-10,,,29.25,161.0
2023-08-11,,,29.625,163.4
2023-08-12,,,,161.6
2023-08-13,,,29.375,161.0
2023-08-14,,,29.375,162.2
2023-08-15,,,29.625,163.2
2023-08-16,,,29.625,165.2
2023-08-17,,,29.625,164.8
2023-08-19,,,29.625,162.2
2023-08-20,,,29.625,163.0
2023-08-21,,,29.75,164.8
2023-08-22,,,29.625,162.6
2023-08-23,,,29.625,163.2
2023-08-24,,,29.625,163.0
2023-08-25,,,29.5,161.4
2023-08-27,,,29.5,162.6
2023-08-28,,,29.5,163.0
2023-08-29,,,29.625,163.6
2023-08-30,,,29.625,163.0
2023-08-31,,,29.125,161.2
2023-09-06,,,29.125,160.4
2023-09-08,,,28.875,157.6
2023-09-09,,,29.5,161.4
2023-09-11,,,29.5,160.4
2023-09-12,,,29.125,160.2
2023-09-14,,,,162.8
2023-09-15,,,29.5,162.2
2023-09-16,,,29.375,161.2
2023-09-17,,,29.5,161.2
2023-09-18,,,29.25,159.8
2023-09-19,,,29.625,164.6
2023-09-20,,,29.25,162.0
2023-09-21,,,29.375,161.8
2023-09-26,,,29.875,166.0
2023-09-28,,,29.375,161.4
2023-09-29,,,29.25,161.0
2023-09-30,,,,164.4
2023-10-02,,,29.75,164.6
2023-10-12,,,,161.8
2023-10-13,,,29.875,162.8
2023-10-14,,,29.75,163.8
2023-10-15,,,29.75,163.0
2023-10-17,,,29.875,165.6
2023-10-18,,,29.875,164.6
2023-10-19,,,29.75,164.4
2023-10-20,,,29.75,163.8
2023-10-21,,,29.75,163.8
2023-10-22,,,29.75,165.2
2023-10-23,,,29.75,164.8
2023-10-24,,,29.75,164.6
2023-10-25,,,29.625,164.8
2023-10-26,,,29.625,163.2
2023-10-27,,,29.625,164.0
2023-10-28,,,29.75,164.4
2023-10-29,,,29.625,163.6
2023-10-30,,,29.5,162.8
2023-10-31,,,29.5,163.4
2023-11-01,,,,162.8
2023-11-02,,,,165.0
2023-11-03,,,29.75,164.0
2023-11-05,,,29.75,165.2
2023-11-06,,,29.75,165.0
2023-11-09,,,29.625,163.8
2023-11-10,,,29.5,161.8
2023-11-11,,,29.5,163.0
2023-11-12,,,,164.4
2023-11-13,,,29.5,162.6
2023-11-14,,,29.375,162.2
2023-11-15,,,29.375,162.0
2023-11-17,,,29.625,163.4
2023-11-18,,,29.625,164.0
2023-11-19,,,29.625,162.8
2023-11-21,,,29.375,162.0
2023-11-22,,,29.5,162.8
2023-11-23,,,29.625,162.8
2023-11-24,,,29.625,162.8
2023-11-25,,,29.5,162.2
2023-11-26,,,29.375,163.6
2023-11-27,,,29.375,163.0
2023-11-28,,,29.625,163.6
2023-11-29,,,29.5,163.0
2023-11-30,,,,162.8
2023-12-01,,,,162.6
2023-12-02,,,29.375,162.6
2023-12-03,,,29.5,162.2
2023-12-04,,,29.125,159.6
2023-12-05,,,29.375,162.2
2023-12-06,,,29.625,161.8
2023-12-07,,,29.375,162.2
2023-12-08,,,29.25,161.2
2023-12-09,,,29.125,161.6
2023-12-11,,,29.25,159.6
2023-12-12,,,29.125,159.6
2023-12-13,,,29.0,158.0
2023-12-14,,,29.0,159.2
2023-12-15,,,28.875,156.6
2023-12-16,,,29.0,157.2
2023-12-17,,,28.875,158.0
2023-12-18,,,29.0,157.2
2023-12-19,,,28.875,156.6
2023-12-20,,,28.875,157.2
2023-12-21,,,28.875,158.0
2023-12-22,,,28.75,157.2
2023-12-23,,,28.75,157.0
2023-12-24,,,28.75,158.0
2023-12-25,,,28.875,160.0
2023-12-26,,,28.625,158.0
2023-12-27,,,28.875,160.0
2023-12-28,,,29.25,160.4
2023-12-29,,,28.75,158.0
2023-12-30,,,28.75,157.0
2023-12-31,,,28.75,158.6
2024-01-01,,,29.0,157.8
2024-01-02,,,28.75,156.8
2024-01-03,,,28.5,156.0
2024-01-04,,,28.5,155.0
2024-01-05,,,28.5,155.2
2024-01-06,,,28.5,155.8
2024-01-07,,,28.5,154.8
2024-01-08,,,28.25,154.0
2024-01-09,,,28.875,157.8
2024-01-10,,,28.5,156.0
2024-01-11,,,28.5,154.8
2024-01-12,,,28.375,153.4
2024-01-13,,,28.25,152.0
2024-01-14,,,28.25,152.0
2024-01-15,,,28.375,151.8
2024-01-16,,,28.375,152.4
2024-01-17,,,28.375,152.8
2024-01-18,,,28.875,155.4
2024-01-20,,,28.375,152.8
2024-01-21,,,28.5,153.0
2024-01-22,,,28.5,153.0
2024-01-23,,,28.875,155.2
2024-01-24,,,29.125,156.4
2024-01-25,,,29.0,155.8
2024-01-26,,,29.0,155.6
2024-01-27,,,29.0,155.0
2024-01-28,,,,155.4
2024-01-29,,,29.25,156.2
2024-01-30,,,29.125,155.8
2024-01-31,,,29.375,159.8
2024-02-01,,,29.125,156.6
2024-02-02,,,29.0,154.6
2024-02-03,,,29.125,155.4
2024-02-04,,,29.25,156.0
2024-02-05,,,29.125,157.4
2024-02-06,,,29.375,155.4
2024-02-09,,,29.25,156.6
2024-02-10,,,29.25,158.0
2024-02-11,,,29.375,154.6
2024-02-12,,,29.25,155.8
2024-02-13,,,29.25,157.0
2024-02-14,,,29.125,157.4
2024-02-15,,,29.0,155.8
2024-02-16,,,,156.4
2024-02-17,,,29.125,156.4
2024-02-18,,,29.125,156.0
2024-02-19,,,29.125,155.4
2024-02-20,,,29.0,154.2
2024-02-21,,,29.0,153.6
2024-02-22,,,29.0,154.0
2024-02-23,,,29.125,154.4
2024-02-24,,,28.875,153.6
2024-02-25,,,28.75,154.0
2024-02-26,,,28.875,154.4
2024-02-27,,,,154.4
2024-02-28,,,29.0,153.6
2024-02-29,,,29.0,153.8
2024-03-01,,,29.0,153.2
2024-03-02,,,28.875,154.2
2024-03-03,,,29.125,155.0
2024-03-04,,,29.0,155.6
2024-03-05,,,28.875,156.6
2024-03-06,,,28.875,155.2
2024-03-07,,,28.75,155.2
2024-03-08,,,28.875,154.8
2024-03-09,,,29.0,156.4
2024-03-10,,,29.25,156.4
2024-03-11,,,,155.6
2024-03-12,,,29.25,156.8
2024-03-13,,,29.125,156.0
2024-03-14,,,29.125,156.6
2024-03-15,,,29.125,156.4
2024-03-16,,,29.0,155.4
2024-03-17,,,29.125,155.4
2024-03-18,,,29.125,155.6
2024-03-19,,,29.125,156.2
2024-03-20,,,29.125,156.0
2024-03-21,,,29.125,155.6
2024-03-22,,,29.125,157.0
2024-03-23,,,29.25,156.8
2024-03-24,,,29.25,157.2
2024-03-25,,,29.125,157.0
2024-03-26,,,29.125,157.2
2024-03-27,,,29.125,156.0
2024-03-28,,,29.0,156.2
2024-03-29,,,29.125,156.0
2024-03-30,,,29.125,155.8
2024-03-31,,,29.25,154.8
2024-04-01,,,29.125,156.2
2024-04-02,,,29.125,155.8
2024-04-03,,,29.25,156.6
2024-04-04,,,29.125,156.4
2024-04-05,,,29.125,156.2
2024-04-06,,,28.875,154.8
2024-04-07,,,29.125,155.2
2024-04-08,,,29.125,155.6
2024-04-09,,,,156.2
2024-04-10,,,29.125,156.8
2024-04-11,,,29.25,157.2
2024-04-12,,,29.25,156.4
2024-04-13,,,29.125,156.4
2024-04-14,,,29.125,154.2
2024-04-15,,,,156.0
2024-04-16,,,29.25,158.2
2024-04-17,,,29.0,154.4
2024-04-18,,,29.0,156.2
2024-04-19,,,29.375,156.6
2024-04-20,,,29.25,156.4
2024-04-21,,,29.375,157.8
2024-04-22,,,29.375,157.8
2024-04-23,,,29.5,159.6
2024-04-24,,,29.75,160.4
2024-04-25,,,29.75,161.4
2024-04-26,,,29.625,161.4
2024-04-27,,,,161.0
2024-04-28,,,29.5,158.8
2024-04-29,,,30.0,160.6
2024-04-30,,,30.0,161.8
2024-05-01,,,29.75,160.8
2024-05-02,,,29.75,161.0
2024-05-03,,,29.875,162.0
2024-05-04,,,29.875,162.0
2024-05-05,,,29.75,162.2
2024-05-06,,,30.0,163.4
2024-05-07,,,30.25,162.8
2024-05-08,,,29.75,161.8
2024-05-09,,,29.875,163.6
2024-05-10,,,30.125,164.8
2024-05-11,,,30.0,164.4
2024-05-12,,,29.75,161.4
2024-05-13,,,30.125,164.2
2024-05-14,,,30.25,166.0
2024-05-15,,,30.0,165.8
2024-05-16,,,30.25,164.6
2024-05-17,,,30.0,165.4
2024-05-18,,,30.125,165.2
2024-05-19,,,30.125,165.6
2024-05-20,,,30.125,165.2
2024-05-21,,,30.25,167.0
2024-05-22,,,30.375,167.8
2024-05-23,,,,167.0
2024-05-24,,,30.5,167.8
2024-05-25,,,30.25,166.6
2024-05-26,,,30.25,166.6
2024-05-27,,,30.25,166.4
2024-05-28,,,30.5,168.2
2024-05-29,,,30.5,168.0
2024-05-30,,,30.25,166.8
2024-05-31,,,30.125,165.2
2024-06-01,,,30.25,165.8
2024-06-02,,,30.0,164.8
2024-06-03,,,30.75,167.8
2024-06-04,,,30.0,164.0
2024-06-05,,,30.125,165.0
2024-06-06,,,30.0,164.4
2024-06-07,,,29.875,163.8
2024-06-08,,,29.875,163.4
2024-06-09,,,30.0,161.8
2024-06-10,,,29.75,162.0
2024-06-11,,,30.0,164.0
2024-06-12,,,30.125,164.5
2024-06-13,,,29.75,162.2
2024-06-14,,,,163.0
2024-06-15,,,29.75,161.6
2024-06-16,,,29.75,162.6
2024-06-17,,,30.0,161.2
2024-06-18,,,29.75,162.6
2024-06-19,,,29.625,162.2
2024-06-20,,,30.0,163.6
2024-06-21,,,29.5,161.2
2024-06-22,,,29.5,161.0
2024-06-23,,,29.5,161.8
2024-06-24,,,29.75,163.0
2024-06-25,,,29.625,161.0
2024-06-26,,,29.5,161.2
2024-06-27,,,29.625,161.2
2024-06-28,,,29.5,160.8
2024-06-29,,,29.625,161.2
2024-06-30,,,29.75,163.0
2024-07-01,,,29.75,161.8
2024-07-02,,,29.625,161.2
2024-07-03,,,,162.0
2024-07-04,,,29.5,161.6
2024-07-05,,,29.375,161.2
2024-07-06,,,29.625,165.0
2024-07-07,,,29.625,161.6
2024-07-09,,,29.75,163.2
2024-07-10,,,29.5,161.6
2024-07-11,,,,161.2
2024-07-12,,,29.625,161.6
2024-07-13,,,29.625,163.0
2024-07-14,,,29.75,162.2
2024-07-15,,,29.5,161.0
2024-07-16,,,29.625,162.2
2024-07-18,,,29.75,164.0
2024-07-19,,,29.5,162.2
2024-07-20,,,29.625,163.6
2024-07-21,,,29.5,163.6
2024-07-22,,,29.25,160.6
2024-07-23,,,29.625,164.8
2024-07-24,,,29.625,165.2
2024-07-25,,,29.75,165.2
2024-07-26,,,29.75,163.6
2024-07-27,,,29.5,162.0
2024-07-28,,,29.5,161.4
2024-07-29,,,29.875,165.2
2024-07-30,,,30.0,167.0
2024-07-31,,,29.875,166.0
2024-08-01,,,29.75,163.6
2024-08-02,,,29.625,162.6
2024-08-03,,,29.75,164.2
2024-08-04,,,29.75,162.0
2024-08-05,,,29.625,162.6
2024-08-06,,,,163.4
2024-08-07,,,29.625,162.0
2024-08-08,,,,163.4
2024-08-09,,,29.75,162.6
2024-08-10,,,29.625,162.6
2024-08-11,,,29.875,163.2
2024-08-12,,,,163.6
2024-08-13,,,29.625,161.6
2024-08-14,,,,163.0
2024-08-15,,,29.75,163.6
2024-08-16,,,,162.8
2024-08-17,,,29.75,161.8
2024-08-18,,,29.75,161.4
2024-08-19,,,29.75,161.4
2024-08-20,,,,162.2
2024-08-21,,,29.75,162.4
2024-08-22,,,29.625,160.0
2024-08-23,,,30.125,162.8
2024-08-25,,,29.625,159.0
2024-08-26,,,29.625,158.8
2024-08-27,,,29.5,157.8
2024-08-28,,,29.5,158.2
2024-08-31,,,29.75,
2024-09-01,,,30.125,
2024-09-02,,,30.0,
2024-09-12,,,30.0,165.4
2024-09-13,,,,161.0
2024-09-14,,,,160.2
2024-09-15,,,29.75,161.6
2024-09-16,,,29.875,162.4
2024-09-17,,,29.75,162.0
2024-09-18,,,29.75,162.6
2024-09-19,,,29.875,162.6
2024-09-20,,,29.875,161.4
2024-09-21,,,29.875,161.4
2024-09-22,,,30.0,164.6
2024-09-23,,,29.5,160.6
2024-09-24,,,29.75,164.0
2024-09-25,,,29.75,163.4
2024-09-26,,,30.0,162.4
2024-09-27,,,29.875,161.8
2024-09-28,,,29.75,161.4
2024-09-29,,,29.625,161.0
2024-09-30,,,29.75,162.4
2024-10-01,,,29.875,162.4
2024-10-02,,,29.625,161.4
2024-10-03,,,29.5,159.8
2024-10-04,,,,160.6
2024-10-05,,,29.75,161.6
2024-10-06,,,29.875,161.8
2024-10-07,,,29.75,161.6
2024-10-08,,,29.625,161.4
2024-10-09,,,29.625,160.6
2024-10-10,,,29.75,161.6
2024-10-11,,,29.875,162.8
2024-10-12,,,30.0,163.2
2024-10-13,,,29.875,162.0
2024-10-14,,,29.75,161.2
2024-10-15,,,29.5,159.8
2024-10-16,,,29.625,161.2
2024-10-17,,,29.625,161.0
2024-10-18,,,29.75,161.6
2024-10-19,,,29.75,161.0
2024-10-20,,,29.875,160.6
2024-10-21,,,29.625,161.0
2024-10-22,,,29.625,161.6
2024-10-23,,,29.625,161.6
2024-10-25,,,29.5,160.6
2024-10-26,,,29.5,161.6
2024-10-27,,,29.625,161.0
2024-10-28,,,29.75,161.6
2024-10-29,,,29.625,161.2
2024-10-30,,,29.625,160.8
2024-10-31,,,29.75,162.4
2024-11-01,,,29.75,162.2
2024-11-02,,,,161.6
2024-11-03,,,29.875,163.0
2024-11-04,,,29.625,162.0
2024-11-05,,,29.875,162.8
2024-11-06,,,29.75,
2024-11-07,,,29.75,
2024-11-08,,,29.875,162.4
2024-11-09,,,29.75,161.8
2024-11-10,,,29.75,162.0
2024-11-11,,,29.875,162.8
2024-11-12,,,30.0,164.0
2024-11-13,,,29.875,164.0
2024-11-15,,,30.0,162.2
2024-11-16,,,29.625,163.0
2024-11-17,,,29.875,163.2
2024-11-18,,,29.75,163.8
2024-11-19,,,30.0,164.4
2024-11-20,,,30.0,165.2
2024-11-21,,,,162.2
2024-11-22,,,29.875,163.2
2024-11-23,,,29.875,163.6
2024-11-24,,,30.0,164.8
2024-11-25,,,29.75,165.2
2024-11-26,,,29.75,163.6
2024-11-27,,,29.875,162.8
2024-11-28,,,29.875,163.2
2024-11-30,,,,164.4
2024-12-01,,,29.625,163.6
2024-12-02,,,29.875,164.8
2024-12-03,,,29.875,165.0
2024-12-04,,,,165.0
2024-12-05,,,,166.0
2024-12-06,,,,165.2
2024-12-07,,,,166.2
2024-12-08,,,,165.0
2024-12-09,,,,166.2
2024-12-10,,,,164.8
2024-12-11,,,,164.8
2024-12-12,,,29.875,164.6
2024-12-13,,,29.75,164.0
2024-12-14,,,,163.6
2024-12-15,,,29.375,163.8
2024-12-16,,,29.5,163.6
2024-12-17,,,29.75,165.4
2024-12-18,,,29.5,165.4
2024-12-19,,,29.625,163.0
2024-12-20,,,,161.2
2024-12-21,,,29.625,164.0
2024-12-22,,,29.25,163.0
2024-12-23,,,29.375,162.8
2024-12-24,,,29.75,164.8
2024-12-25,,,,166.8
2024-12-26,,,29.375,164.2
2024-12-27,,,29.5,163.0
2024-12-28,,,29.5,163.2
2024-12-29,,,29.375,162.6
2024-12-30,,,29.375,162.6
2024-12-31,,,,162.8
2025-01-01,,,29.25,160.4
2025-01-02,,,29.25,160.0
2025-01-03,,,29.625,163.6
2025-01-04,,,29.375,161.0
2025-01-06,,,29.375,162.6
2025-01-07,,,29.5,162.4
2025-01-08,,,29.625,162.6
2025-01-09,,,29.5,162.2
2025-01-10,,,29.625,164.2
2025-01-11,,,29.25,161.2
2025-01-12,,,29.0,159.6
2025-01-13,,,29.125,161.2
2025-01-14,,,29.25,161.2
2025-01-15,,,29.25,161.2
2025-01-16,,,29.375,161.6
2025-01-17,,,29.25,160.6
2025-01-18,,,29.125,160.8
2025-01-19,,,29.375,161.8
2025-01-20,,,29.375,161.4
2025-01-21,,,29.25,161.2
2025-01-22,,,29.25,161.0
2025-01-23,,,29.5,163.6
2025-01-24,,,29.25,161.3
2025-01-25,,,29.25,159.8
2025-01-26,,,29.125,159.8
2025-01-27,,,29.125,160.0
2025-01-28,,,29.25,160.4
2025-01-29,,,,163.4
2025-01-30,,,,163.6
2025-01-31,,,29.5,162.6
2025-02-01,,,29.625,163.0
2025-02-02,,,29.5,161.4
2025-02-03,,,29.5,161.2
2025-02-04,,,29.5,162.0
2025-02-05,,,,162.0
2025-02-06,,,29.75,164.2
2025-02-20,,,30.375,169.6
2025-02-21,,,30.125,165.6
2025-02-22,,,30.0,166.8
2025-02-23,,,30.125,166.0
2025-02-24,,,30.125,166.2
2025-02-25,,,,166.2
2025-02-26,,,30.125,167.0
2025-02-27,,,30.0,165.8
2025-02-28,,,30.0,165.8
2025-03-01,,,30.125,166.2
2025-03-02,,,30.0,165.8
2025-03-03,,,30.0,165.0
2025-03-04,,,30.0,165.8
2025-03-05,,,29.875,165.2
2025-03-06,,,29.75,164.8
2025-03-07,,,29.75,164.2
2025-03-08,,,,165.2
2025-03-09,,,29.75,164.0
2025-03-10,,,,165.2
2025-03-11,,,30.0,165.4
2025-03-12,,,29.875,165.0
2025-03-13,,,29.875,164.0
2025-03-15,,,,163.2
2025-03-16,,,29.625,162.0
2025-03-17,,,29.75,164.6
2025-03-18,,,29.875,164.4
2025-03-19,,,29.875,164.2
2025-03-20,,,29.875,164.0
2025-03-21,,,29.75,162.4
2025-03-22,,,29.75,163.2
2025-03-23,,,29.75,163.6
2025-03-24,,,29.625,163.4
2025-03-25,,,29.625,164.0
2025-03-26,,,29.75,164.4
2025-03-27,,,29.875,165.4
2025-03-28,,,30.0,165.6
2025-03-29,,,29.75,164.4
2025-03-30,,,29.625,163.6
2025-03-31,,,29.5,163.0
2025-04-01,,,29.75,164.8
2025-04-02,,,29.75,165.0
2025-04-03,,,30.0,165.4
2025-04-04,,,30.0,165.0
2025-04-05,,,29.875,163.8
2025-04-06,,,29.875,164.8
2025-04-07,,,,164.0
2025-04-08,,,29.875,165.0
2025-04-09,,,29.875,164.8
2025-04-10,,,29.75,164.6
2025-04-12,,,29.875,164.8
2025-04-13,,,29.75,164.8
2025-04-14,,,,163.0
2025-04-15,,,29.625,162.8
2025-04-16,,,29.875,165.2
2025-04-17,,,29.75,165.2
2025-04-18,,,29.625,163.4
2025-04-19,,,29.5,162.4
2025-04-20,,,29.5,161.0
2025-04-21,,,29.625,163.0
2025-04-22,,,29.625,164.8
2025-04-23,,,29.75,164.6
2025-04-24,,,29.5,161.8
2025-04-25,,,29.5,161.0
2025-04-26,,,29.125,160.0
2025-04-27,,,29.0,160.8
2025-04-28,,,29.375,162.8
2025-04-29,,,29.75,166.0
2025-04-30,,,29.75,166.0
2025-05-01,,,29.75,165.2
2025-05-02,,,29.75,164.4
2025-05-03,,,,163.8
2025-05-04,,,,166.6
2025-05-05,,,29.75,166.0
2025-05-06,,,29.75,164.8
2025-05-07,,,29.625,163.0
2025-05-09,,,29.75,165.0
2025-05-10,,,29.625,165.6
2025-05-11,,,29.75,164.4
2025-05-12,,,,164.8
2025-05-13,,,29.625,164.4
2025-05-14,,,,165.8
2025-05-15,,,29.75,165.6
2025-05-16,,,29.75,165.6
2025-05-17,,,29.875,165.6
2025-05-18,,,29.625,165.2
2025-05-19,,,,165.6
2025-05-20,,,,166.0
2025-05-21,,,29.875,165.0
2025-05-22,,,,165.2
2025-05-23,,,,166.0
2025-05-24,,,29.75,165.4
2025-05-25,,,29.75,164.8
2025-05-27,,,30.125,167.0
2025-05-28,,,29.875,166.4
2025-05-29,,,30.0,166.0
2025-05-30,,,29.75,164.0
2025-05-31,,,29.375,163.0
2025-06-01,,,29.375,164.0
2025-06-02,,,29.5,164.6
2025-06-03,,,29.875,167.2
2025-06-04,,,29.875,168.0
2025-06-05,,,30.125,168.4
2025-06-06,,,30.0,166.2
2025-06-07,,,,165.6
2025-06-08,,,29.75,165.2
2025-06-09,,,29.875,166.8
2025-06-10,,,30.25,168.6
2025-06-11,,,30.0,167.8
2025-06-12,,,30.0,165.8
2025-06-13,,,29.875,164.2
2025-06-14,,,29.625,163.8
2025-06-15,,,29.375,163.6
2025-06-16,,,29.375,162.4
2025-06-17,,,,162.0
2025-06-18,,,29.25,162.2
2025-06-30,,,29.75,164.0
2025-07-03,,,29.75,165.2
2025-07-04,,,29.625,165.4
2025-07-05,,,29.75,165.6
2025-07-06,,,29.875,166.6
2025-07-07,,,29.875,167.6
2025-07-08,,,29.875,165.8
2025-07-09,,,29.875,166.2
2025-07-10,,,29.875,166.2
2025-07-11,,,,167.2
2025-07-12,,,29.875,167.6
2025-07-13,,,29.875,166.0
2025-07-14,,,29.625,164.0
2025-07-15,,,29.625,166.6
2025-07-16,,,29.625,166.4
2025-07-17,,,29.375,164.8
2025-07-18,,,29.875,167.8
2025-07-20,,,29.625,164.0
2025-07-21,,,29.75,164.6
2025-07-22,,,29.75,166.6
2025-07-23,,,29.875,165.6
2025-07-24,,,29.75,164.0
2025-07-25,,,29.5,164.6
2025-07-26,,,29.75,167.0
2025-07-28,,,29.5,164.4
2025-07-29,,,29.5,164.6
2025-07-31,,,29.5,162.8
2025-08-02,,,29.375,163.8
2025-08-03,,,29.625,164.4
2025-08-04,,,29.5,164.2
2025-08-05,,,29.625,165.0
2025-08-06,,,29.375,164.0
2025-08-07,,,29.5,163.8
2025-08-08,,,29.375,164.0
2025-08-09,,,29.125,162.6
2025-08-10,,,29.25,161.8
2025-08-12,,,29.5,163.8
2025-08-13,,,29.25,161.8
2025-08-14,,,,163.2
2025-08-15,,,29.125,162.0
2025-08-17,,,29.125,161.2
2025-08-21,,,29.25,
2025-08-24,,,29.375,165.2
2025-08-25,,,29.375,163.2
2025-08-27,,,29.125,162.1
2025-08-28,,,29.375,164.2
2025-08-29,,,29.375,163.6
2025-08-31,,,29.5,163.6
2025-09-01,,,29.25,163.4
2025-09-02,,,29.25,163.6
2025-09-03,,,29.25,164.4
2025-09-04,,,29.25,163.0
2025-09-05,,,29.25,163.6
2025-09-07,,,29.125,163.4
2025-09-08,,,29.375,163.6
2025-09-09,,,29.375,164.0
2025-09-10,,,29.375,164.8
2025-09-15,,,,163.0
2025-09-16,,,29.375,164.4
2025-09-17,,,29.5,164.0
2025-09-23,,,29.25,162.6
2025-09-27,,,29.25,161.8
2025-09-29,,,29.75,167.6
2025-09-30,,,,164.8
2025-10-01,,,29.375,161.2
2025-10-05,,,29.375,164.6
2025-10-06,,,,164.2
2025-10-09,,,,161.8
2025-10-13,,,29.25,164.2
2025-10-14,,,29.375,165.0
2025-10-20,,,29.5,165.2
2025-10-21,,,29.75,166.8
2025-10-22,,,29.625,166.0
2025-10-28,,,29.625,165.6
2025-10-30,,,,164.0
2025-10-31,,,29.625,166.6
2025-11-04,,,,161.8
2025-11-05,,,,164.2
2025-11-20,,,28.875,157.0
2025-11-21,,,,157.8
2025-11-22,,,,160.0
2025-11-24,,,,161.4
2025-11-26,,,29.125,
2025-12-01,,,,166.6
2025-12-05,,,29.25,161.8
2025-12-06,,,,163.6
2025-12-07,,,29.5,165.2
2025-12-09,,,29.375,162.8
2025-12-10,,,29.375,164.4
2025-12-12,,,29.25,162.8
2025-12-13,,,29.375,163.8
2025-12-15,,,29.5,164.6
2025-12-16,,,29.5,164.0
2025-12-17,,,29.375,163.6
2025-12-18,,,29.375,163.6
2025-12-19,,,29.375,163.2
2025-12-20,,,,164.2
2025-12-21,,,29.25,163.2
2025-12-22,,,29.25,164.2
2025-12-30,,,29.375,162.6
2025-12-31,,,29.5,162.8
2026-01-02,,,29.5,165.6
2026-01-06,,,29.375,161.2
2026-01-07,,,29.25,162.2
2026-01-08,,,29.125,162.2
2026-01-09,,,29.125,161.0
2026-01-10,,,29.0,162.2
2026-01-11,,,29.0,161.0
2026-01-15,,,29.0,161.6
2026-01-16,,,29.125,162.4
2026-01-17,,,29.25,
2026-01-19,,,29.375,162.2
2026-01-20,,,29.375,163.2
2026-01-21,,,29.125,161.6
2026-01-22,,,,161.4
2026-01-23,,,29.125,163.0
2026-01-24,,,29.25,162.4
2026-01-25,,,29.375,162.4
2026-01-26,,,29.25,162.4
2026-01-27,,,29.25,162.6
2026-01-28,,,29.125,163.2
2026-01-29,,,29.25,164.0
2026-01-30,,,29.375,163.4
2026-02-01,,,29.375,165.0
2026-02-02,,,29.5,165.2
2026-02-03,,,29.375,162.8
2026-02-04,,,29.25,161.4
2026-02-19,,,30.0,166.8
2026-02-20,,,30.5,163.6
2026-02-21,,,29.75,163.6
2026-02-22,,,29.375,162.2
2026-02-25,,,29.5,162.8
2026-02-27,,,29.25,163.6
2026-02-28,,,29.5,166.6
2026-03-02,,,29.625,163.6
2026-03-03,,,29.375,164.0
2026-03-04,,,,165.0
2026-03-05,,,29.375,164.0
2026-03-07,,,29.5,166.0
2026-03-09,,,29.5,165.4
2026-03-11,,,29.5,163.8
2026-03-12,,,,163.6
2026-03-15,,,29.5,166.0
2026-03-16,,,29.375,165.6
2026-03-17,,,,165.0
2026-03-18,,,29.375,163.6
2026-03-19,,,29.125,162.6
2026-03-20,,,29.0,163.0
2026-03-21,,,29.0,162.6
2026-03-22,,,28.75,162.8
2026-03-24,,,29.0,163.6
2026-03-25,,,28.875,161.6
2026-03-26,,,29.0,161.4
2026-03-27,,,28.75,161.0
2026-03-28,,,28.75,159.6
2026-03-30,,,29.25,164.4
2026-03-31,,,29.25,163.4
2026-04-01,,,28.875,161.6
2026-04-02,,,29.25,162.4
2026-04-03,,,29.125,162.2
2026-04-04,,,29.25,163.4
2026-04-05,,,29.25,164.2
2026-04-06,,,29.375,166.4
2026-04-07,,,29.375,164.2
2026-04-08,,,29.25,164.2
2026-04-09,,,29.125,164.2
2026-04-10,,,29.0,164.0
2026-04-13,,,29.0,162.4
2026-04-14,,,29.0,164.0
2026-04-15,,,29.375,165.6
2026-04-16,,,29.125,163.0
2026-04-18,,,29.375,164.2
2026-04-19,,,29.375,166.0
2026-04-20,,,29.375,164.6
2026-04-21,,,29.25,164.6
2026-04-22,,,29.25,164.8
2026-04-23,,,,164.8
2026-04-24,,,29.5,165.2
2026-04-25,,,,164.8
2026-04-26,,,29.25,163.4
2026-04-27,,,29.5,165.2
2026-04-29,,,29.25,164.2
2026-04-30,,,29.375,164.4
2026-05-01,,,29.25,165.0
2026-05-03,,,,163.8
2026-05-04,,,29.125,163.8
2026-05-06,,,29.125,164.4
2026-05-07,,,29.25,164.2
2026-05-08,,,29.25,164.0
2026-05-09,,,29.5,166.0
2026-05-11,,,,163.2
2026-05-23,,,29.5,162.0
2026-05-24,,,29.125,162.2
2026-05-25,,,29.125,163.0
2026-05-26,,,29.125,163.2
2026-05-27,,,29.5,163.6
2026-05-28,,,29.25,162.0
2026-05-29,,,,162.0
2026-05-30,,,29.625,164.8
2026-05-31,,,29.5,165.2
2026-06-01,,,29.375,162.8
2026-06-03,,,29.375,163.8
2026-06-04,,,,162.8
2026-06-05,,,29.375,162.8
2026-06-06,,,,161.6
2026-06-07,,,29.25,162.2
2026-06-09,,,29.125,163.8
2026-06-10,,,29.25,162.8
2026-06-11,,,29.125,163.2
2026-06-13,,,29.375,163.2
2026-06-14,,,29.375,163.4
2026-06-15,,,29.125,162.0
2026-06-16,,,29.125,162.8
2026-06-18,,,29.375,162.8
2026-06-19,,,29.375,163.0
2026-06-23,,,29.125,162.6
2026-06-24,,,29.125,162.4
2026-06-26,,,,163.8
2026-06-27,,,,162.2
2026-06-28,,,29.5,165.2
